"Year","County","Planning Permission"
"1975","Carlow","0"
"1975","Cavan","0"
"1975","Clare","0"
"1975","Cork","0"
"1975","Donegal","0"
"1975","Dublin","0"
"1975","Fingal","0"
"1975","Galway","0"
"1975","Kerry","0"
"1975","Kildare","0"
"1975","Kilkenny","0"
"1975","Laois","0"
"1975","Leitrim","0"
"1975","Limerick","0"
"1975","Longford","0"
"1975","Louth","0"
"1975","Mayo","0"
"1975","Meath","0"
"1975","Monaghan","0"
"1975","Offaly","0"
"1975","Roscommon","0"
"1975","Sligo","0"
"1975","Tipperary","0"
"1975","Waterford","0"
"1975","Wexford","0"
"1975","Wicklow","0"
"1976","Carlow","0"
"1976","Cavan","0"
"1976","Clare","0"
"1976","Cork","0"
"1976","Donegal","0"
"1976","Dublin","0"
"1976","Fingal","0"
"1976","Galway","0"
"1976","Kerry","0"
"1976","Kildare","0"
"1976","Kilkenny","0"
"1976","Laois","0"
"1976","Leitrim","0"
"1976","Limerick","0"
"1976","Longford","0"
"1976","Louth","0"
"1976","Mayo","0"
"1976","Meath","0"
"1976","Monaghan","0"
"1976","Offaly","0"
"1976","Roscommon","0"
"1976","Sligo","0"
"1976","Tipperary","0"
"1976","Waterford","0"
"1976","Wexford","0"
"1976","Wicklow","0"
"1977","Carlow","0"
"1977","Cavan","0"
"1977","Clare","0"
"1977","Cork","0"
"1977","Donegal","0"
"1977","Dublin","0"
"1977","Fingal","0"
"1977","Galway","0"
"1977","Kerry","0"
"1977","Kildare","0"
"1977","Kilkenny","0"
"1977","Laois","0"
"1977","Leitrim","0"
"1977","Limerick","0"
"1977","Longford","0"
"1977","Louth","0"
"1977","Mayo","0"
"1977","Meath","0"
"1977","Monaghan","0"
"1977","Offaly","0"
"1977","Roscommon","0"
"1977","Sligo","0"
"1977","Tipperary","0"
"1977","Waterford","0"
"1977","Wexford","0"
"1977","Wicklow","0"
"1978","Carlow","0"
"1978","Cavan","0"
"1978","Clare","0"
"1978","Cork","0"
"1978","Donegal","0"
"1978","Dublin","0"
"1978","Fingal","0"
"1978","Galway","0"
"1978","Kerry","0"
"1978","Kildare","0"
"1978","Kilkenny","0"
"1978","Laois","0"
"1978","Leitrim","0"
"1978","Limerick","0"
"1978","Longford","0"
"1978","Louth","0"
"1978","Mayo","0"
"1978","Meath","0"
"1978","Monaghan","0"
"1978","Offaly","0"
"1978","Roscommon","0"
"1978","Sligo","0"
"1978","Tipperary","0"
"1978","Waterford","0"
"1978","Wexford","0"
"1978","Wicklow","0"
"1979","Carlow","0"
"1979","Cavan","0"
"1979","Clare","0"
"1979","Cork","0"
"1979","Donegal","0"
"1979","Dublin","0"
"1979","Fingal","0"
"1979","Galway","0"
"1979","Kerry","0"
"1979","Kildare","0"
"1979","Kilkenny","0"
"1979","Laois","0"
"1979","Leitrim","0"
"1979","Limerick","0"
"1979","Longford","0"
"1979","Louth","0"
"1979","Mayo","0"
"1979","Meath","0"
"1979","Monaghan","0"
"1979","Offaly","0"
"1979","Roscommon","0"
"1979","Sligo","0"
"1979","Tipperary","0"
"1979","Waterford","0"
"1979","Wexford","0"
"1979","Wicklow","0"
"1980","Carlow","0"
"1980","Cavan","0"
"1980","Clare","0"
"1980","Cork","0"
"1980","Donegal","0"
"1980","Dublin","0"
"1980","Fingal","0"
"1980","Galway","0"
"1980","Kerry","0"
"1980","Kildare","0"
"1980","Kilkenny","0"
"1980","Laois","0"
"1980","Leitrim","0"
"1980","Limerick","0"
"1980","Longford","0"
"1980","Louth","0"
"1980","Mayo","0"
"1980","Meath","0"
"1980","Monaghan","0"
"1980","Offaly","0"
"1980","Roscommon","0"
"1980","Sligo","0"
"1980","Tipperary","0"
"1980","Waterford","0"
"1980","Wexford","0"
"1980","Wicklow","0"
"1981","Carlow","0"
"1981","Cavan","0"
"1981","Clare","0"
"1981","Cork","0"
"1981","Donegal","0"
"1981","Dublin","0"
"1981","Fingal","0"
"1981","Galway","0"
"1981","Kerry","0"
"1981","Kildare","0"
"1981","Kilkenny","0"
"1981","Laois","0"
"1981","Leitrim","0"
"1981","Limerick","0"
"1981","Longford","0"
"1981","Louth","0"
"1981","Mayo","0"
"1981","Meath","0"
"1981","Monaghan","0"
"1981","Offaly","0"
"1981","Roscommon","0"
"1981","Sligo","0"
"1981","Tipperary","0"
"1981","Waterford","0"
"1981","Wexford","0"
"1981","Wicklow","0"
"1982","Carlow","0"
"1982","Cavan","0"
"1982","Clare","0"
"1982","Cork","0"
"1982","Donegal","0"
"1982","Dublin","0"
"1982","Fingal","0"
"1982","Galway","0"
"1982","Kerry","0"
"1982","Kildare","0"
"1982","Kilkenny","0"
"1982","Laois","0"
"1982","Leitrim","0"
"1982","Limerick","0"
"1982","Longford","0"
"1982","Louth","0"
"1982","Mayo","0"
"1982","Meath","0"
"1982","Monaghan","0"
"1982","Offaly","0"
"1982","Roscommon","0"
"1982","Sligo","0"
"1982","Tipperary","0"
"1982","Waterford","0"
"1982","Wexford","0"
"1982","Wicklow","0"
"1983","Carlow","0"
"1983","Cavan","0"
"1983","Clare","0"
"1983","Cork","0"
"1983","Donegal","0"
"1983","Dublin","0"
"1983","Fingal","0"
"1983","Galway","0"
"1983","Kerry","0"
"1983","Kildare","0"
"1983","Kilkenny","0"
"1983","Laois","0"
"1983","Leitrim","0"
"1983","Limerick","0"
"1983","Longford","0"
"1983","Louth","0"
"1983","Mayo","0"
"1983","Meath","0"
"1983","Monaghan","0"
"1983","Offaly","0"
"1983","Roscommon","0"
"1983","Sligo","0"
"1983","Tipperary","0"
"1983","Waterford","0"
"1983","Wexford","0"
"1983","Wicklow","0"
"1984","Carlow","0"
"1984","Cavan","0"
"1984","Clare","0"
"1984","Cork","0"
"1984","Donegal","0"
"1984","Dublin","0"
"1984","Fingal","0"
"1984","Galway","0"
"1984","Kerry","0"
"1984","Kildare","0"
"1984","Kilkenny","0"
"1984","Laois","0"
"1984","Leitrim","0"
"1984","Limerick","0"
"1984","Longford","0"
"1984","Louth","0"
"1984","Mayo","0"
"1984","Meath","0"
"1984","Monaghan","0"
"1984","Offaly","0"
"1984","Roscommon","0"
"1984","Sligo","0"
"1984","Tipperary","0"
"1984","Waterford","0"
"1984","Wexford","0"
"1984","Wicklow","0"
"1985","Carlow","0"
"1985","Cavan","0"
"1985","Clare","0"
"1985","Cork","0"
"1985","Donegal","0"
"1985","Dublin","0"
"1985","Fingal","0"
"1985","Galway","0"
"1985","Kerry","0"
"1985","Kildare","0"
"1985","Kilkenny","0"
"1985","Laois","0"
"1985","Leitrim","0"
"1985","Limerick","0"
"1985","Longford","0"
"1985","Louth","0"
"1985","Mayo","0"
"1985","Meath","0"
"1985","Monaghan","0"
"1985","Offaly","0"
"1985","Roscommon","0"
"1985","Sligo","0"
"1985","Tipperary","0"
"1985","Waterford","0"
"1985","Wexford","0"
"1985","Wicklow","0"
"1986","Carlow","0"
"1986","Cavan","0"
"1986","Clare","0"
"1986","Cork","0"
"1986","Donegal","0"
"1986","Dublin","0"
"1986","Fingal","0"
"1986","Galway","0"
"1986","Kerry","0"
"1986","Kildare","0"
"1986","Kilkenny","0"
"1986","Laois","0"
"1986","Leitrim","0"
"1986","Limerick","0"
"1986","Longford","0"
"1986","Louth","0"
"1986","Mayo","0"
"1986","Meath","0"
"1986","Monaghan","0"
"1986","Offaly","0"
"1986","Roscommon","0"
"1986","Sligo","0"
"1986","Tipperary","0"
"1986","Waterford","0"
"1986","Wexford","0"
"1986","Wicklow","0"
"1987","Carlow","0"
"1987","Cavan","0"
"1987","Clare","0"
"1987","Cork","0"
"1987","Donegal","0"
"1987","Dublin","0"
"1987","Fingal","0"
"1987","Galway","0"
"1987","Kerry","0"
"1987","Kildare","0"
"1987","Kilkenny","0"
"1987","Laois","0"
"1987","Leitrim","0"
"1987","Limerick","0"
"1987","Longford","0"
"1987","Louth","0"
"1987","Mayo","0"
"1987","Meath","0"
"1987","Monaghan","0"
"1987","Offaly","0"
"1987","Roscommon","0"
"1987","Sligo","0"
"1987","Tipperary","0"
"1987","Waterford","0"
"1987","Wexford","0"
"1987","Wicklow","0"
"1988","Carlow","0"
"1988","Cavan","0"
"1988","Clare","0"
"1988","Cork","0"
"1988","Donegal","0"
"1988","Dublin","0"
"1988","Fingal","0"
"1988","Galway","0"
"1988","Kerry","0"
"1988","Kildare","0"
"1988","Kilkenny","0"
"1988","Laois","0"
"1988","Leitrim","0"
"1988","Limerick","0"
"1988","Longford","0"
"1988","Louth","0"
"1988","Mayo","0"
"1988","Meath","0"
"1988","Monaghan","0"
"1988","Offaly","0"
"1988","Roscommon","0"
"1988","Sligo","0"
"1988","Tipperary","0"
"1988","Waterford","0"
"1988","Wexford","0"
"1988","Wicklow","0"
"1989","Carlow","0"
"1989","Cavan","0"
"1989","Clare","0"
"1989","Cork","0"
"1989","Donegal","0"
"1989","Dublin","0"
"1989","Fingal","0"
"1989","Galway","0"
"1989","Kerry","0"
"1989","Kildare","0"
"1989","Kilkenny","0"
"1989","Laois","0"
"1989","Leitrim","0"
"1989","Limerick","0"
"1989","Longford","0"
"1989","Louth","0"
"1989","Mayo","0"
"1989","Meath","0"
"1989","Monaghan","0"
"1989","Offaly","0"
"1989","Roscommon","0"
"1989","Sligo","0"
"1989","Tipperary","0"
"1989","Waterford","0"
"1989","Wexford","0"
"1989","Wicklow","0"
"1990","Carlow","0"
"1990","Cavan","0"
"1990","Clare","0"
"1990","Cork","0"
"1990","Donegal","0"
"1990","Dublin","0"
"1990","Fingal","0"
"1990","Galway","0"
"1990","Kerry","0"
"1990","Kildare","0"
"1990","Kilkenny","0"
"1990","Laois","0"
"1990","Leitrim","0"
"1990","Limerick","0"
"1990","Longford","0"
"1990","Louth","0"
"1990","Mayo","0"
"1990","Meath","0"
"1990","Monaghan","0"
"1990","Offaly","0"
"1990","Roscommon","0"
"1990","Sligo","0"
"1990","Tipperary","0"
"1990","Waterford","0"
"1990","Wexford","0"
"1990","Wicklow","0"
"1991","Carlow","0"
"1991","Cavan","0"
"1991","Clare","0"
"1991","Cork","0"
"1991","Donegal","0"
"1991","Dublin","0"
"1991","Fingal","0"
"1991","Galway","0"
"1991","Kerry","0"
"1991","Kildare","0"
"1991","Kilkenny","0"
"1991","Laois","0"
"1991","Leitrim","0"
"1991","Limerick","0"
"1991","Longford","0"
"1991","Louth","0"
"1991","Mayo","0"
"1991","Meath","0"
"1991","Monaghan","0"
"1991","Offaly","0"
"1991","Roscommon","0"
"1991","Sligo","0"
"1991","Tipperary","0"
"1991","Waterford","0"
"1991","Wexford","0"
"1991","Wicklow","0"
"1992","Carlow","0"
"1992","Cavan","0"
"1992","Clare","0"
"1992","Cork","0"
"1992","Donegal","0"
"1992","Dublin","0"
"1992","Fingal","0"
"1992","Galway","0"
"1992","Kerry","0"
"1992","Kildare","0"
"1992","Kilkenny","0"
"1992","Laois","0"
"1992","Leitrim","0"
"1992","Limerick","0"
"1992","Longford","0"
"1992","Louth","0"
"1992","Mayo","0"
"1992","Meath","0"
"1992","Monaghan","0"
"1992","Offaly","0"
"1992","Roscommon","0"
"1992","Sligo","0"
"1992","Tipperary","0"
"1992","Waterford","0"
"1992","Wexford","0"
"1992","Wicklow","0"
"1993","Carlow","0"
"1993","Cavan","0"
"1993","Clare","0"
"1993","Cork","0"
"1993","Donegal","0"
"1993","Dublin","0"
"1993","Fingal","0"
"1993","Galway","0"
"1993","Kerry","0"
"1993","Kildare","0"
"1993","Kilkenny","0"
"1993","Laois","0"
"1993","Leitrim","0"
"1993","Limerick","0"
"1993","Longford","0"
"1993","Louth","0"
"1993","Mayo","0"
"1993","Meath","0"
"1993","Monaghan","0"
"1993","Offaly","0"
"1993","Roscommon","0"
"1993","Sligo","0"
"1993","Tipperary","0"
"1993","Waterford","0"
"1993","Wexford","0"
"1993","Wicklow","0"
"1994","Carlow","0"
"1994","Cavan","0"
"1994","Clare","0"
"1994","Cork","0"
"1994","Donegal","0"
"1994","Dublin","0"
"1994","Fingal","0"
"1994","Galway","0"
"1994","Kerry","0"
"1994","Kildare","0"
"1994","Kilkenny","0"
"1994","Laois","0"
"1994","Leitrim","0"
"1994","Limerick","0"
"1994","Longford","0"
"1994","Louth","0"
"1994","Mayo","0"
"1994","Meath","0"
"1994","Monaghan","0"
"1994","Offaly","0"
"1994","Roscommon","0"
"1994","Sligo","0"
"1994","Tipperary","0"
"1994","Waterford","0"
"1994","Wexford","0"
"1994","Wicklow","0"
"1995","Carlow","0"
"1995","Cavan","0"
"1995","Clare","0"
"1995","Cork","0"
"1995","Donegal","0"
"1995","Dublin","0"
"1995","Fingal","0"
"1995","Galway","0"
"1995","Kerry","0"
"1995","Kildare","0"
"1995","Kilkenny","0"
"1995","Laois","0"
"1995","Leitrim","0"
"1995","Limerick","0"
"1995","Longford","0"
"1995","Louth","0"
"1995","Mayo","0"
"1995","Meath","0"
"1995","Monaghan","0"
"1995","Offaly","0"
"1995","Roscommon","0"
"1995","Sligo","0"
"1995","Tipperary","0"
"1995","Waterford","0"
"1995","Wexford","0"
"1995","Wicklow","0"
"1996","Carlow","0"
"1996","Cavan","0"
"1996","Clare","0"
"1996","Cork","0"
"1996","Donegal","0"
"1996","Dublin","0"
"1996","Fingal","0"
"1996","Galway","0"
"1996","Kerry","0"
"1996","Kildare","0"
"1996","Kilkenny","0"
"1996","Laois","0"
"1996","Leitrim","0"
"1996","Limerick","0"
"1996","Longford","0"
"1996","Louth","0"
"1996","Mayo","0"
"1996","Meath","0"
"1996","Monaghan","0"
"1996","Offaly","0"
"1996","Roscommon","0"
"1996","Sligo","0"
"1996","Tipperary","0"
"1996","Waterford","0"
"1996","Wexford","0"
"1996","Wicklow","0"
"1997","Carlow","0"
"1997","Cavan","0"
"1997","Clare","0"
"1997","Cork","0"
"1997","Donegal","0"
"1997","Dublin","0"
"1997","Fingal","0"
"1997","Galway","0"
"1997","Kerry","0"
"1997","Kildare","0"
"1997","Kilkenny","0"
"1997","Laois","0"
"1997","Leitrim","0"
"1997","Limerick","0"
"1997","Longford","0"
"1997","Louth","0"
"1997","Mayo","0"
"1997","Meath","0"
"1997","Monaghan","0"
"1997","Offaly","0"
"1997","Roscommon","0"
"1997","Sligo","0"
"1997","Tipperary","0"
"1997","Waterford","0"
"1997","Wexford","0"
"1997","Wicklow","0"
"1998","Carlow","0"
"1998","Cavan","0"
"1998","Clare","0"
"1998","Cork","0"
"1998","Donegal","0"
"1998","Dublin","0"
"1998","Fingal","0"
"1998","Galway","0"
"1998","Kerry","0"
"1998","Kildare","0"
"1998","Kilkenny","0"
"1998","Laois","0"
"1998","Leitrim","0"
"1998","Limerick","0"
"1998","Longford","0"
"1998","Louth","0"
"1998","Mayo","0"
"1998","Meath","0"
"1998","Monaghan","0"
"1998","Offaly","0"
"1998","Roscommon","0"
"1998","Sligo","0"
"1998","Tipperary","0"
"1998","Waterford","0"
"1998","Wexford","0"
"1998","Wicklow","0"
"1999","Carlow","0"
"1999","Cavan","0"
"1999","Clare","0"
"1999","Cork","0"
"1999","Donegal","0"
"1999","Dublin","0"
"1999","Fingal","0"
"1999","Galway","0"
"1999","Kerry","0"
"1999","Kildare","0"
"1999","Kilkenny","0"
"1999","Laois","0"
"1999","Leitrim","0"
"1999","Limerick","0"
"1999","Longford","0"
"1999","Louth","0"
"1999","Mayo","0"
"1999","Meath","0"
"1999","Monaghan","0"
"1999","Offaly","0"
"1999","Roscommon","0"
"1999","Sligo","0"
"1999","Tipperary","0"
"1999","Waterford","0"
"1999","Wexford","0"
"1999","Wicklow","0"
"2000","Carlow","0"
"2000","Cavan","0"
"2000","Clare","0"
"2000","Cork","0"
"2000","Donegal","0"
"2000","Dublin","0"
"2000","Fingal","0"
"2000","Galway","0"
"2000","Kerry","0"
"2000","Kildare","0"
"2000","Kilkenny","0"
"2000","Laois","0"
"2000","Leitrim","0"
"2000","Limerick","0"
"2000","Longford","0"
"2000","Louth","0"
"2000","Mayo","0"
"2000","Meath","0"
"2000","Monaghan","0"
"2000","Offaly","0"
"2000","Roscommon","0"
"2000","Sligo","0"
"2000","Tipperary","0"
"2000","Waterford","0"
"2000","Wexford","0"
"2000","Wicklow","0"
"2001","Carlow","0"
"2001","Cavan","0"
"2001","Clare","0"
"2001","Cork","0"
"2001","Donegal","0"
"2001","Dublin","0"
"2001","Fingal","0"
"2001","Galway","0"
"2001","Kerry","0"
"2001","Kildare","0"
"2001","Kilkenny","0"
"2001","Laois","0"
"2001","Leitrim","0"
"2001","Limerick","0"
"2001","Longford","0"
"2001","Louth","0"
"2001","Mayo","0"
"2001","Meath","0"
"2001","Monaghan","0"
"2001","Offaly","0"
"2001","Roscommon","0"
"2001","Sligo","0"
"2001","Tipperary","0"
"2001","Waterford","0"
"2001","Wexford","0"
"2001","Wicklow","0"
"2002","Carlow","0"
"2002","Cavan","0"
"2002","Clare","0"
"2002","Cork","0"
"2002","Donegal","0"
"2002","Dublin","0"
"2002","Fingal","0"
"2002","Galway","0"
"2002","Kerry","0"
"2002","Kildare","0"
"2002","Kilkenny","0"
"2002","Laois","0"
"2002","Leitrim","0"
"2002","Limerick","0"
"2002","Longford","0"
"2002","Louth","0"
"2002","Mayo","0"
"2002","Meath","0"
"2002","Monaghan","0"
"2002","Offaly","0"
"2002","Roscommon","0"
"2002","Sligo","0"
"2002","Tipperary","0"
"2002","Waterford","0"
"2002","Wexford","0"
"2002","Wicklow","0"
"2003","Carlow","0"
"2003","Cavan","0"
"2003","Clare","0"
"2003","Cork","0"
"2003","Donegal","0"
"2003","Dublin","0"
"2003","Fingal","0"
"2003","Galway","0"
"2003","Kerry","0"
"2003","Kildare","0"
"2003","Kilkenny","0"
"2003","Laois","0"
"2003","Leitrim","0"
"2003","Limerick","0"
"2003","Longford","0"
"2003","Louth","0"
"2003","Mayo","0"
"2003","Meath","0"
"2003","Monaghan","0"
"2003","Offaly","0"
"2003","Roscommon","0"
"2003","Sligo","0"
"2003","Tipperary","0"
"2003","Waterford","0"
"2003","Wexford","0"
"2003","Wicklow","0"
"2004","Carlow","0"
"2004","Cavan","0"
"2004","Clare","0"
"2004","Cork","0"
"2004","Donegal","0"
"2004","Dublin","0"
"2004","Fingal","0"
"2004","Galway","0"
"2004","Kerry","0"
"2004","Kildare","0"
"2004","Kilkenny","0"
"2004","Laois","0"
"2004","Leitrim","0"
"2004","Limerick","0"
"2004","Longford","0"
"2004","Louth","0"
"2004","Mayo","0"
"2004","Meath","0"
"2004","Monaghan","0"
"2004","Offaly","0"
"2004","Roscommon","0"
"2004","Sligo","0"
"2004","Tipperary","0"
"2004","Waterford","0"
"2004","Wexford","0"
"2004","Wicklow","0"
"2005","Carlow","0"
"2005","Cavan","0"
"2005","Clare","0"
"2005","Cork","0"
"2005","Donegal","0"
"2005","Dublin","0"
"2005","Fingal","0"
"2005","Galway","0"
"2005","Kerry","0"
"2005","Kildare","0"
"2005","Kilkenny","0"
"2005","Laois","0"
"2005","Leitrim","0"
"2005","Limerick","0"
"2005","Longford","0"
"2005","Louth","0"
"2005","Mayo","0"
"2005","Meath","0"
"2005","Monaghan","0"
"2005","Offaly","0"
"2005","Roscommon","0"
"2005","Sligo","0"
"2005","Tipperary","0"
"2005","Waterford","0"
"2005","Wexford","0"
"2005","Wicklow","0"
"2006","Carlow","0"
"2006","Cavan","0"
"2006","Clare","0"
"2006","Cork","0"
"2006","Donegal","0"
"2006","Dublin","0"
"2006","Fingal","0"
"2006","Galway","0"
"2006","Kerry","0"
"2006","Kildare","0"
"2006","Kilkenny","0"
"2006","Laois","0"
"2006","Leitrim","0"
"2006","Limerick","0"
"2006","Longford","0"
"2006","Louth","0"
"2006","Mayo","0"
"2006","Meath","0"
"2006","Monaghan","0"
"2006","Offaly","0"
"2006","Roscommon","0"
"2006","Sligo","0"
"2006","Tipperary","0"
"2006","Waterford","0"
"2006","Wexford","0"
"2006","Wicklow","0"
"2007","Carlow","0"
"2007","Cavan","0"
"2007","Clare","0"
"2007","Cork","0"
"2007","Donegal","0"
"2007","Dublin","0"
"2007","Fingal","0"
"2007","Galway","0"
"2007","Kerry","0"
"2007","Kildare","0"
"2007","Kilkenny","0"
"2007","Laois","0"
"2007","Leitrim","0"
"2007","Limerick","0"
"2007","Longford","0"
"2007","Louth","0"
"2007","Mayo","0"
"2007","Meath","0"
"2007","Monaghan","0"
"2007","Offaly","0"
"2007","Roscommon","0"
"2007","Sligo","0"
"2007","Tipperary","0"
"2007","Waterford","0"
"2007","Wexford","0"
"2007","Wicklow","0"
"2008","Carlow","0"
"2008","Cavan","0"
"2008","Clare","0"
"2008","Cork","0"
"2008","Donegal","0"
"2008","Dublin","0"
"2008","Fingal","0"
"2008","Galway","0"
"2008","Kerry","0"
"2008","Kildare","0"
"2008","Kilkenny","0"
"2008","Laois","0"
"2008","Leitrim","0"
"2008","Limerick","0"
"2008","Longford","0"
"2008","Louth","0"
"2008","Mayo","0"
"2008","Meath","0"
"2008","Monaghan","0"
"2008","Offaly","0"
"2008","Roscommon","0"
"2008","Sligo","0"
"2008","Tipperary","0"
"2008","Waterford","0"
"2008","Wexford","0"
"2008","Wicklow","0"
"2009","Carlow","0"
"2009","Cavan","0"
"2009","Clare","0"
"2009","Cork","0"
"2009","Donegal","0"
"2009","Dublin","0"
"2009","Fingal","0"
"2009","Galway","0"
"2009","Kerry","0"
"2009","Kildare","0"
"2009","Kilkenny","0"
"2009","Laois","0"
"2009","Leitrim","0"
"2009","Limerick","0"
"2009","Longford","0"
"2009","Louth","0"
"2009","Mayo","0"
"2009","Meath","0"
"2009","Monaghan","0"
"2009","Offaly","0"
"2009","Roscommon","0"
"2009","Sligo","0"
"2009","Tipperary","0"
"2009","Waterford","0"
"2009","Wexford","0"
"2009","Wicklow","0"
"2010","Carlow","0"
"2010","Cavan","0"
"2010","Clare","0"
"2010","Cork","0"
"2010","Donegal","0"
"2010","Dublin","0"
"2010","Fingal","0"
"2010","Galway","0"
"2010","Kerry","0"
"2010","Kildare","0"
"2010","Kilkenny","0"
"2010","Laois","0"
"2010","Leitrim","0"
"2010","Limerick","0"
"2010","Longford","0"
"2010","Louth","0"
"2010","Mayo","0"
"2010","Meath","0"
"2010","Monaghan","0"
"2010","Offaly","0"
"2010","Roscommon","0"
"2010","Sligo","0"
"2010","Tipperary","0"
"2010","Waterford","0"
"2010","Wexford","0"
"2010","Wicklow","0"
"2011","Carlow","0"
"2011","Cavan","0"
"2011","Clare","0"
"2011","Cork","0"
"2011","Donegal","0"
"2011","Dublin","0"
"2011","Fingal","0"
"2011","Galway","0"
"2011","Kerry","0"
"2011","Kildare","0"
"2011","Kilkenny","0"
"2011","Laois","0"
"2011","Leitrim","0"
"2011","Limerick","0"
"2011","Longford","0"
"2011","Louth","0"
"2011","Mayo","0"
"2011","Meath","0"
"2011","Monaghan","0"
"2011","Offaly","0"
"2011","Roscommon","0"
"2011","Sligo","0"
"2011","Tipperary","0"
"2011","Waterford","0"
"2011","Wexford","0"
"2011","Wicklow","0"
"2012","Carlow","0"
"2012","Cavan","0"
"2012","Clare","0"
"2012","Cork","0"
"2012","Donegal","0"
"2012","Dublin","0"
"2012","Fingal","0"
"2012","Galway","0"
"2012","Kerry","0"
"2012","Kildare","0"
"2012","Kilkenny","0"
"2012","Laois","0"
"2012","Leitrim","0"
"2012","Limerick","0"
"2012","Longford","0"
"2012","Louth","0"
"2012","Mayo","0"
"2012","Meath","0"
"2012","Monaghan","0"
"2012","Offaly","0"
"2012","Roscommon","0"
"2012","Sligo","0"
"2012","Tipperary","0"
"2012","Waterford","0"
"2012","Wexford","0"
"2012","Wicklow","0"
"2013","Carlow","0"
"2013","Cavan","0"
"2013","Clare","0"
"2013","Cork","0"
"2013","Donegal","0"
"2013","Dublin","0"
"2013","Fingal","0"
"2013","Galway","0"
"2013","Kerry","0"
"2013","Kildare","0"
"2013","Kilkenny","0"
"2013","Laois","0"
"2013","Leitrim","0"
"2013","Limerick","0"
"2013","Longford","0"
"2013","Louth","0"
"2013","Mayo","0"
"2013","Meath","0"
"2013","Monaghan","0"
"2013","Offaly","0"
"2013","Roscommon","0"
"2013","Sligo","0"
"2013","Tipperary","0"
"2013","Waterford","0"
"2013","Wexford","0"
"2013","Wicklow","0"
"2014","Carlow","0"
"2014","Cavan","0"
"2014","Clare","0"
"2014","Cork","0"
"2014","Donegal","0"
"2014","Dublin","0"
"2014","Fingal","0"
"2014","Galway","0"
"2014","Kerry","0"
"2014","Kildare","0"
"2014","Kilkenny","0"
"2014","Laois","0"
"2014","Leitrim","0"
"2014","Limerick","0"
"2014","Longford","0"
"2014","Louth","0"
"2014","Mayo","0"
"2014","Meath","0"
"2014","Monaghan","0"
"2014","Offaly","0"
"2014","Roscommon","0"
"2014","Sligo","0"
"2014","Tipperary","0"
"2014","Waterford","0"
"2014","Wexford","0"
"2014","Wicklow","0"
"2015","Carlow","0"
"2015","Cavan","0"
"2015","Clare","0"
"2015","Cork","0"
"2015","Donegal","0"
"2015","Dublin","0"
"2015","Fingal","0"
"2015","Galway","0"
"2015","Kerry","0"
"2015","Kildare","0"
"2015","Kilkenny","0"
"2015","Laois","0"
"2015","Leitrim","0"
"2015","Limerick","0"
"2015","Longford","0"
"2015","Louth","0"
"2015","Mayo","0"
"2015","Meath","0"
"2015","Monaghan","0"
"2015","Offaly","0"
"2015","Roscommon","0"
"2015","Sligo","0"
"2015","Tipperary","0"
"2015","Waterford","0"
"2015","Wexford","0"
"2015","Wicklow","0"
"2016","Carlow","0"
"2016","Cavan","0"
"2016","Clare","0"
"2016","Cork","0"
"2016","Donegal","0"
"2016","Dublin","0"
"2016","Fingal","0"
"2016","Galway","0"
"2016","Kerry","0"
"2016","Kildare","0"
"2016","Kilkenny","0"
"2016","Laois","0"
"2016","Leitrim","0"
"2016","Limerick","0"
"2016","Longford","0"
"2016","Louth","0"
"2016","Mayo","0"
"2016","Meath","0"
"2016","Monaghan","0"
"2016","Offaly","0"
"2016","Roscommon","0"
"2016","Sligo","0"
"2016","Tipperary","0"
"2016","Waterford","0"
"2016","Wexford","0"
"2016","Wicklow","0"
"2017","Carlow","0"
"2017","Cavan","0"
"2017","Clare","0"
"2017","Cork","0"
"2017","Donegal","0"
"2017","Dublin","0"
"2017","Fingal","0"
"2017","Galway","0"
"2017","Kerry","0"
"2017","Kildare","0"
"2017","Kilkenny","0"
"2017","Laois","0"
"2017","Leitrim","0"
"2017","Limerick","0"
"2017","Longford","0"
"2017","Louth","0"
"2017","Mayo","0"
"2017","Meath","0"
"2017","Monaghan","0"
"2017","Offaly","0"
"2017","Roscommon","0"
"2017","Sligo","0"
"2017","Tipperary","0"
"2017","Waterford","0"
"2017","Wexford","0"
"2017","Wicklow","0"
"2018","Carlow","209"
"2018","Cavan","521"
"2018","Clare","865"
"2018","Cork","6982"
"2018","Donegal","745"
"2018","Dublin","12905"
"2018","Fingal","3037"
"2018","Galway","2327"
"2018","Kerry","744"
"2018","Kildare","5565"
"2018","Kilkenny","818"
"2018","Laois","1288"
"2018","Leitrim","33"
"2018","Limerick","1687"
"2018","Longford","177"
"2018","Louth","1097"
"2018","Mayo","594"
"2018","Meath","2958"
"2018","Monaghan","669"
"2018","Offaly","832"
"2018","Roscommon","374"
"2018","Sligo","271"
"2018","Tipperary","605"
"2018","Waterford","1446"
"2018","Wexford","1793"
"2018","Wicklow","1480"
"2019","Carlow","468"
"2019","Cavan","616"
"2019","Clare","919"
"2019","Cork","6364"
"2019","Donegal","1251"
"2019","Dublin","17699"
"2019","Fingal","2206"
"2019","Galway","1660"
"2019","Kerry","895"
"2019","Kildare","3710"
"2019","Kilkenny","1108"
"2019","Laois","1373"
"2019","Leitrim","94"
"2019","Limerick","1517"
"2019","Longford","378"
"2019","Louth","2418"
"2019","Mayo","712"
"2019","Meath","4558"
"2019","Monaghan","726"
"2019","Offaly","869"
"2019","Roscommon","269"
"2019","Sligo","396"
"2019","Tipperary","793"
"2019","Waterford","2112"
"2019","Wexford","3132"
"2019","Wicklow","1651"
"2020","Carlow","419"
"2020","Cavan","262"
"2020","Clare","886"
"2020","Cork","3761"
"2020","Donegal","1592"
"2020","Dublin","22796"
"2020","Fingal","3288"
"2020","Galway","1396"
"2020","Kerry","695"
"2020","Kildare","5602"
"2020","Kilkenny","907"
"2020","Laois","1302"
"2020","Leitrim","126"
"2020","Limerick","1314"
"2020","Longford","420"
"2020","Louth","1753"
"2020","Mayo","673"
"2020","Meath","5460"
"2020","Monaghan","408"
"2020","Offaly","635"
"2020","Roscommon","311"
"2020","Sligo","405"
"2020","Tipperary","1104"
"2020","Waterford","718"
"2020","Wexford","2113"
"2020","Wicklow","2893"
