"Year","Region","Method","Male Population","Female Population"
"2017","Border","M1F2 Dublin Inflow","198058","198989"
"2017","Border","M1F2 Dublin Outflow","198269","199202"
"2017","Border","M2F2 Dublin Inflow","197663","198613"
"2017","Border","M2F2 Dublin Outflow","197868","198830"
"2017","Border","M3F2 Dublin Inflow","197266","198241"
"2017","Border","M3F2 Dublin Outflow","197475","198465"
"2017","Dublin","M1F2 Dublin Inflow","665530","694115"
"2017","Dublin","M1F2 Dublin Outflow","664411","692721"
"2017","Dublin","M2F2 Dublin Inflow","663385","692099"
"2017","Dublin","M2F2 Dublin Outflow","662267","690706"
"2017","Dublin","M3F2 Dublin Inflow","661224","690088"
"2017","Dublin","M3F2 Dublin Outflow","660111","688688"
"2017","Mid-East","M1F2 Dublin Inflow","347631","353938"
"2017","Mid-East","M1F2 Dublin Outflow","348010","354347"
"2017","Mid-East","M2F2 Dublin Inflow","347087","353335"
"2017","Mid-East","M2F2 Dublin Outflow","347467","353753"
"2017","Mid-East","M3F2 Dublin Inflow","346541","352747"
"2017","Mid-East","M3F2 Dublin Outflow","346922","353158"
"2017","Mid-West","M1F2 Dublin Inflow","238032","239342"
"2017","Mid-West","M1F2 Dublin Outflow","237996","239420"
"2017","Mid-West","M2F2 Dublin Inflow","237567","238885"
"2017","Mid-West","M2F2 Dublin Outflow","237531","238970"
"2017","Mid-West","M3F2 Dublin Inflow","237106","238431"
"2017","Mid-West","M3F2 Dublin Outflow","237065","238516"
"2017","Midlands","M1F2 Dublin Inflow","148934","148794"
"2017","Midlands","M1F2 Dublin Outflow","149198","149130"
"2017","Midlands","M2F2 Dublin Inflow","148691","148567"
"2017","Midlands","M2F2 Dublin Outflow","148955","148901"
"2017","Midlands","M3F2 Dublin Inflow","148445","148338"
"2017","Midlands","M3F2 Dublin Outflow","148717","148674"
"2017","South-East","M1F2 Dublin Inflow","211153","213829"
"2017","South-East","M1F2 Dublin Outflow","211356","214114"
"2017","South-East","M2F2 Dublin Inflow","210913","213629"
"2017","South-East","M2F2 Dublin Outflow","211117","213919"
"2017","South-East","M3F2 Dublin Inflow","210675","213427"
"2017","South-East","M3F2 Dublin Outflow","210876","213716"
"2017","South-West","M1F2 Dublin Inflow","344192","349378"
"2017","South-West","M1F2 Dublin Outflow","344213","349411"
"2017","South-West","M2F2 Dublin Inflow","343520","348745"
"2017","South-West","M2F2 Dublin Outflow","343541","348781"
"2017","South-West","M3F2 Dublin Inflow","342836","348113"
"2017","South-West","M3F2 Dublin Outflow","342859","348143"
"2017","West","M1F2 Dublin Inflow","225226","226368"
"2017","West","M1F2 Dublin Outflow","225308","226394"
"2017","West","M2F2 Dublin Inflow","224826","225976"
"2017","West","M2F2 Dublin Outflow","224906","226006"
"2017","West","M3F2 Dublin Inflow","224427","225580"
"2017","West","M3F2 Dublin Outflow","224508","225617"
"2018","Border","M1F2 Dublin Inflow","199544","200795"
"2018","Border","M1F2 Dublin Outflow","200178","201439"
"2018","Border","M2F2 Dublin Inflow","198733","200028"
"2018","Border","M2F2 Dublin Outflow","199364","200688"
"2018","Border","M3F2 Dublin Inflow","197929","199277"
"2018","Border","M3F2 Dublin Outflow","198561","199930"
"2018","Dublin","M1F2 Dublin Inflow","678372","705980"
"2018","Dublin","M1F2 Dublin Outflow","674990","701778"
"2018","Dublin","M2F2 Dublin Inflow","674057","701937"
"2018","Dublin","M2F2 Dublin Outflow","670677","697718"
"2018","Dublin","M3F2 Dublin Inflow","669742","697884"
"2018","Dublin","M3F2 Dublin Outflow","666355","693683"
"2018","Mid-East","M1F2 Dublin Inflow","352559","359388"
"2018","Mid-East","M1F2 Dublin Outflow","353711","360642"
"2018","Mid-East","M2F2 Dublin Inflow","351446","358175"
"2018","Mid-East","M2F2 Dublin Outflow","352598","359427"
"2018","Mid-East","M3F2 Dublin Inflow","350329","356980"
"2018","Mid-East","M3F2 Dublin Outflow","351482","358228"
"2018","Mid-West","M1F2 Dublin Inflow","240378","241650"
"2018","Mid-West","M1F2 Dublin Outflow","240276","241901"
"2018","Mid-West","M2F2 Dublin Inflow","239434","240727"
"2018","Mid-West","M2F2 Dublin Outflow","239327","240986"
"2018","Mid-West","M3F2 Dublin Inflow","238487","239802"
"2018","Mid-West","M3F2 Dublin Outflow","238376","240064"
"2018","Midlands","M1F2 Dublin Inflow","150823","150771"
"2018","Midlands","M1F2 Dublin Outflow","151631","151786"
"2018","Midlands","M2F2 Dublin Inflow","150340","150318"
"2018","Midlands","M2F2 Dublin Outflow","151139","151321"
"2018","Midlands","M3F2 Dublin Inflow","149850","149854"
"2018","Midlands","M3F2 Dublin Outflow","150662","150866"
"2018","South-East","M1F2 Dublin Inflow","212760","215491"
"2018","South-East","M1F2 Dublin Outflow","213357","216357"
"2018","South-East","M2F2 Dublin Inflow","212268","215089"
"2018","South-East","M2F2 Dublin Outflow","212874","215955"
"2018","South-East","M3F2 Dublin Inflow","211780","214679"
"2018","South-East","M3F2 Dublin Outflow","212384","215547"
"2018","South-West","M1F2 Dublin Inflow","348418","353261"
"2018","South-West","M1F2 Dublin Outflow","348477","353360"
"2018","South-West","M2F2 Dublin Inflow","347057","351997"
"2018","South-West","M2F2 Dublin Outflow","347121","352084"
"2018","South-West","M3F2 Dublin Inflow","345694","350718"
"2018","South-West","M3F2 Dublin Outflow","345746","350805"
"2018","West","M1F2 Dublin Inflow","227106","228257"
"2018","West","M1F2 Dublin Outflow","227348","228343"
"2018","West","M2F2 Dublin Inflow","226296","227461"
"2018","West","M2F2 Dublin Outflow","226538","227551"
"2018","West","M3F2 Dublin Inflow","225479","226660"
"2018","West","M3F2 Dublin Outflow","225723","226757"
"2019","Border","M1F2 Dublin Inflow","200857","202390"
"2019","Border","M1F2 Dublin Outflow","202128","203693"
"2019","Border","M2F2 Dublin Inflow","199611","201233"
"2019","Border","M2F2 Dublin Outflow","200879","202550"
"2019","Border","M3F2 Dublin Inflow","198383","200075"
"2019","Border","M3F2 Dublin Outflow","199644","201389"
"2019","Dublin","M1F2 Dublin Inflow","691613","718530"
"2019","Dublin","M1F2 Dublin Outflow","684795","710067"
"2019","Dublin","M2F2 Dublin Inflow","685119","712437"
"2019","Dublin","M2F2 Dublin Outflow","678293","703952"
"2019","Dublin","M3F2 Dublin Inflow","678620","706333"
"2019","Dublin","M3F2 Dublin Outflow","671794","697866"
"2019","Mid-East","M1F2 Dublin Inflow","357366","364750"
"2019","Mid-East","M1F2 Dublin Outflow","359700","367272"
"2019","Mid-East","M2F2 Dublin Inflow","355667","362912"
"2019","Mid-East","M2F2 Dublin Outflow","357997","365432"
"2019","Mid-East","M3F2 Dublin Inflow","353957","361082"
"2019","Mid-East","M3F2 Dublin Outflow","356291","363602"
"2019","Mid-West","M1F2 Dublin Inflow","242710","243822"
"2019","Mid-West","M1F2 Dublin Outflow","242506","244324"
"2019","Mid-West","M2F2 Dublin Inflow","241270","242413"
"2019","Mid-West","M2F2 Dublin Outflow","241060","242933"
"2019","Mid-West","M3F2 Dublin Inflow","239817","241005"
"2019","Mid-West","M3F2 Dublin Outflow","239602","241524"
"2019","Midlands","M1F2 Dublin Inflow","152523","152511"
"2019","Midlands","M1F2 Dublin Outflow","154155","154544"
"2019","Midlands","M2F2 Dublin Inflow","151791","151820"
"2019","Midlands","M2F2 Dublin Outflow","153404","153848"
"2019","Midlands","M3F2 Dublin Inflow","151043","151116"
"2019","Midlands","M3F2 Dublin Outflow","152687","153156"
"2019","South-East","M1F2 Dublin Inflow","214164","216885"
"2019","South-East","M1F2 Dublin Outflow","215372","218626"
"2019","South-East","M2F2 Dublin Inflow","213411","216267"
"2019","South-East","M2F2 Dublin Outflow","214627","218006"
"2019","South-East","M3F2 Dublin Inflow","212662","215639"
"2019","South-East","M3F2 Dublin Outflow","213879","217386"
"2019","South-West","M1F2 Dublin Inflow","352437","356965"
"2019","South-West","M1F2 Dublin Outflow","352553","357151"
"2019","South-West","M2F2 Dublin Inflow","350379","355042"
"2019","South-West","M2F2 Dublin Outflow","350505","355220"
"2019","South-West","M3F2 Dublin Inflow","348323","353112"
"2019","South-West","M3F2 Dublin Outflow","348431","353287"
"2019","West","M1F2 Dublin Inflow","228866","230049"
"2019","West","M1F2 Dublin Outflow","229341","230222"
"2019","West","M2F2 Dublin Inflow","227626","228834"
"2019","West","M2F2 Dublin Outflow","228103","229013"
"2019","West","M3F2 Dublin Inflow","226377","227611"
"2019","West","M3F2 Dublin Outflow","226862","227794"
"2020","Border","M1F2 Dublin Inflow","201995","203786"
"2020","Border","M1F2 Dublin Outflow","204120","205970"
"2020","Border","M2F2 Dublin Inflow","200299","202217"
"2020","Border","M2F2 Dublin Outflow","202428","204412"
"2020","Border","M3F2 Dublin Inflow","198624","200643"
"2020","Border","M3F2 Dublin Outflow","200745","202838"
"2020","Dublin","M1F2 Dublin Inflow","705248","731760"
"2020","Dublin","M1F2 Dublin Outflow","693793","717563"
"2020","Dublin","M2F2 Dublin Inflow","696563","723599"
"2020","Dublin","M2F2 Dublin Outflow","685100","709377"
"2020","Dublin","M3F2 Dublin Inflow","687871","715426"
"2020","Dublin","M3F2 Dublin Outflow","676394","701220"
"2020","Mid-East","M1F2 Dublin Inflow","362066","370010"
"2020","Mid-East","M1F2 Dublin Outflow","365994","374260"
"2020","Mid-East","M2F2 Dublin Inflow","359741","367533"
"2020","Mid-East","M2F2 Dublin Outflow","363673","371773"
"2020","Mid-East","M3F2 Dublin Inflow","357413","365056"
"2020","Mid-East","M3F2 Dublin Outflow","361347","369299"
"2020","Mid-West","M1F2 Dublin Inflow","245031","245850"
"2020","Mid-West","M1F2 Dublin Outflow","244684","246696"
"2020","Mid-West","M2F2 Dublin Inflow","243069","243941"
"2020","Mid-West","M2F2 Dublin Outflow","242722","244806"
"2020","Mid-West","M3F2 Dublin Inflow","241097","242040"
"2020","Mid-West","M3F2 Dublin Outflow","240737","242898"
"2020","Midlands","M1F2 Dublin Inflow","154020","154000"
"2020","Midlands","M1F2 Dublin Outflow","156756","157412"
"2020","Midlands","M2F2 Dublin Inflow","153035","153071"
"2020","Midlands","M2F2 Dublin Outflow","155749","156479"
"2020","Midlands","M3F2 Dublin Inflow","152030","152130"
"2020","Midlands","M3F2 Dublin Outflow","154781","155549"
"2020","South-East","M1F2 Dublin Inflow","215360","218000"
"2020","South-East","M1F2 Dublin Outflow","217393","220914"
"2020","South-East","M2F2 Dublin Inflow","214337","217161"
"2020","South-East","M2F2 Dublin Outflow","216377","220074"
"2020","South-East","M3F2 Dublin Inflow","213316","216309"
"2020","South-East","M3F2 Dublin Outflow","215350","219229"
"2020","South-West","M1F2 Dublin Inflow","356247","360475"
"2020","South-West","M1F2 Dublin Outflow","356442","360775"
"2020","South-West","M2F2 Dublin Inflow","353482","357889"
"2020","South-West","M2F2 Dublin Outflow","353690","358183"
"2020","South-West","M3F2 Dublin Inflow","350723","355292"
"2020","South-West","M3F2 Dublin Outflow","350904","355587"
"2020","West","M1F2 Dublin Inflow","230502","231745"
"2020","West","M1F2 Dublin Outflow","231303","232034"
"2020","West","M2F2 Dublin Inflow","228815","230090"
"2020","West","M2F2 Dublin Outflow","229613","230392"
"2020","West","M3F2 Dublin Inflow","227115","228429"
"2020","West","M3F2 Dublin Outflow","227918","228734"
"2021","Border","M1F2 Dublin Inflow","202955","204982"
"2021","Border","M1F2 Dublin Outflow","206164","208275"
"2021","Border","M2F2 Dublin Inflow","200790","202976"
"2021","Border","M2F2 Dublin Outflow","204004","206280"
"2021","Border","M3F2 Dublin Inflow","198640","200977"
"2021","Border","M3F2 Dublin Outflow","201844","204278"
"2021","Dublin","M1F2 Dublin Inflow","719201","745594"
"2021","Dublin","M1F2 Dublin Outflow","701868","724153"
"2021","Dublin","M2F2 Dublin Inflow","708310","735356"
"2021","Dublin","M2F2 Dublin Outflow","690964","713882"
"2021","Dublin","M3F2 Dublin Inflow","697416","725097"
"2021","Dublin","M3F2 Dublin Outflow","680052","703643"
"2021","Mid-East","M1F2 Dublin Inflow","366655","375180"
"2021","Mid-East","M1F2 Dublin Outflow","372611","381606"
"2021","Mid-East","M2F2 Dublin Inflow","363668","372040"
"2021","Mid-East","M2F2 Dublin Outflow","369634","378464"
"2021","Mid-East","M3F2 Dublin Inflow","360698","368901"
"2021","Mid-East","M3F2 Dublin Outflow","366664","375322"
"2021","Mid-West","M1F2 Dublin Inflow","247332","247729"
"2021","Mid-West","M1F2 Dublin Outflow","246814","249010"
"2021","Mid-West","M2F2 Dublin Inflow","244829","245311"
"2021","Mid-West","M2F2 Dublin Outflow","244311","246610"
"2021","Mid-West","M3F2 Dublin Inflow","242312","242894"
"2021","Mid-West","M3F2 Dublin Outflow","241778","244188"
"2021","Midlands","M1F2 Dublin Inflow","155308","155225"
"2021","Midlands","M1F2 Dublin Outflow","159451","160384"
"2021","Midlands","M2F2 Dublin Inflow","154065","154056"
"2021","Midlands","M2F2 Dublin Outflow","158183","159213"
"2021","Midlands","M3F2 Dublin Inflow","152798","152881"
"2021","Midlands","M3F2 Dublin Outflow","156952","158044"
"2021","South-East","M1F2 Dublin Inflow","216353","218832"
"2021","South-East","M1F2 Dublin Outflow","219431","223225"
"2021","South-East","M2F2 Dublin Inflow","215043","217761"
"2021","South-East","M2F2 Dublin Outflow","218126","222157"
"2021","South-East","M3F2 Dublin Inflow","213734","216675"
"2021","South-East","M3F2 Dublin Outflow","216808","221078"
"2021","South-West","M1F2 Dublin Inflow","359841","363779"
"2021","South-West","M1F2 Dublin Outflow","360127","364221"
"2021","South-West","M2F2 Dublin Inflow","356353","360518"
"2021","South-West","M2F2 Dublin Outflow","356654","360951"
"2021","South-West","M3F2 Dublin Inflow","352881","357245"
"2021","South-West","M3F2 Dublin Outflow","353157","357680"
"2021","West","M1F2 Dublin Inflow","232008","233342"
"2021","West","M1F2 Dublin Outflow","233211","233783"
"2021","West","M2F2 Dublin Inflow","229853","231221"
"2021","West","M2F2 Dublin Outflow","231053","231678"
"2021","West","M3F2 Dublin Inflow","227680","229100"
"2021","West","M3F2 Dublin Outflow","228889","229561"
"2022","Border","M1F2 Dublin Inflow","203846","206120"
"2022","Border","M1F2 Dublin Outflow","208158","210538"
"2022","Border","M2F2 Dublin Inflow","201211","203668"
"2022","Border","M2F2 Dublin Outflow","205530","208101"
"2022","Border","M3F2 Dublin Inflow","198564","201229"
"2022","Border","M3F2 Dublin Outflow","202874","205654"
"2022","Dublin","M1F2 Dublin Inflow","733016","759306"
"2022","Dublin","M1F2 Dublin Outflow","709645","730478"
"2022","Dublin","M2F2 Dublin Inflow","719847","746922"
"2022","Dublin","M2F2 Dublin Outflow","696460","718057"
"2022","Dublin","M3F2 Dublin Inflow","706742","734568"
"2022","Dublin","M3F2 Dublin Outflow","683333","705718"
"2022","Mid-East","M1F2 Dublin Inflow","371123","380252"
"2022","Mid-East","M1F2 Dublin Outflow","379166","388913"
"2022","Mid-East","M2F2 Dublin Inflow","367483","376431"
"2022","Mid-East","M2F2 Dublin Outflow","375533","385092"
"2022","Mid-East","M3F2 Dublin Inflow","363823","372610"
"2022","Mid-East","M3F2 Dublin Outflow","371886","381268"
"2022","Mid-West","M1F2 Dublin Inflow","249553","249544"
"2022","Mid-West","M1F2 Dublin Outflow","248870","251263"
"2022","Mid-West","M2F2 Dublin Inflow","246510","246599"
"2022","Mid-West","M2F2 Dublin Outflow","245818","248333"
"2022","Mid-West","M3F2 Dublin Inflow","243425","243660"
"2022","Mid-West","M3F2 Dublin Outflow","242727","245391"
"2022","Midlands","M1F2 Dublin Inflow","156538","156404"
"2022","Midlands","M1F2 Dublin Outflow","162124","163348"
"2022","Midlands","M2F2 Dublin Inflow","155035","154983"
"2022","Midlands","M2F2 Dublin Outflow","160595","161927"
"2022","Midlands","M3F2 Dublin Inflow","153494","153574"
"2022","Midlands","M3F2 Dublin Outflow","159089","160520"
"2022","South-East","M1F2 Dublin Inflow","217256","219581"
"2022","South-East","M1F2 Dublin Outflow","221404","225479"
"2022","South-East","M2F2 Dublin Inflow","215662","218278"
"2022","South-East","M2F2 Dublin Outflow","219814","224177"
"2022","South-East","M3F2 Dublin Inflow","214041","216948"
"2022","South-East","M3F2 Dublin Outflow","218194","222856"
"2022","South-West","M1F2 Dublin Inflow","363306","366978"
"2022","South-West","M1F2 Dublin Outflow","363682","367559"
"2022","South-West","M2F2 Dublin Inflow","359079","363017"
"2022","South-West","M2F2 Dublin Outflow","359469","363590"
"2022","South-West","M3F2 Dublin Inflow","354878","359066"
"2022","South-West","M3F2 Dublin Outflow","355248","359637"
"2022","West","M1F2 Dublin Inflow","233424","234859"
"2022","West","M1F2 Dublin Outflow","235034","235461"
"2022","West","M2F2 Dublin Inflow","230799","232278"
"2022","West","M2F2 Dublin Outflow","232405","232897"
"2022","West","M3F2 Dublin Inflow","228137","229677"
"2022","West","M3F2 Dublin Outflow","229748","230297"
"2023","Border","M1F2 Dublin Inflow","204676","207212"
"2023","Border","M1F2 Dublin Outflow","210116","212776"
"2023","Border","M2F2 Dublin Inflow","201569","204312"
"2023","Border","M2F2 Dublin Outflow","207015","209894"
"2023","Border","M3F2 Dublin Inflow","198413","201408"
"2023","Border","M3F2 Dublin Outflow","203846","206981"
"2023","Dublin","M1F2 Dublin Inflow","746711","772915"
"2023","Dublin","M1F2 Dublin Outflow","717145","736554"
"2023","Dublin","M2F2 Dublin Inflow","731188","758315"
"2023","Dublin","M2F2 Dublin Outflow","701605","721910"
"2023","Dublin","M3F2 Dublin Inflow","715861","743852"
"2023","Dublin","M3F2 Dublin Outflow","686252","707463"
"2023","Mid-East","M1F2 Dublin Inflow","375481","385232"
"2023","Mid-East","M1F2 Dublin Outflow","385677","396189"
"2023","Mid-East","M2F2 Dublin Inflow","371195","380714"
"2023","Mid-East","M2F2 Dublin Outflow","381397","391673"
"2023","Mid-East","M3F2 Dublin Inflow","366820","376195"
"2023","Mid-East","M3F2 Dublin Outflow","377032","387147"
"2023","Mid-West","M1F2 Dublin Inflow","251710","251300"
"2023","Mid-West","M1F2 Dublin Outflow","250858","253451"
"2023","Mid-West","M2F2 Dublin Inflow","248119","247823"
"2023","Mid-West","M2F2 Dublin Outflow","247262","249996"
"2023","Mid-West","M3F2 Dublin Inflow","244449","244342"
"2023","Mid-West","M3F2 Dublin Outflow","243583","246514"
"2023","Midlands","M1F2 Dublin Inflow","157716","157535"
"2023","Midlands","M1F2 Dublin Outflow","164791","166305"
"2023","Midlands","M2F2 Dublin Inflow","155940","155852"
"2023","Midlands","M2F2 Dublin Outflow","162987","164624"
"2023","Midlands","M3F2 Dublin Inflow","154129","154207"
"2023","Midlands","M3F2 Dublin Outflow","161208","162979"
"2023","South-East","M1F2 Dublin Inflow","218075","220262"
"2023","South-East","M1F2 Dublin Outflow","223323","227694"
"2023","South-East","M2F2 Dublin Inflow","216201","218714"
"2023","South-East","M2F2 Dublin Outflow","221456","226148"
"2023","South-East","M3F2 Dublin Inflow","214257","217134"
"2023","South-East","M3F2 Dublin Outflow","219514","224580"
"2023","South-West","M1F2 Dublin Inflow","366662","370079"
"2023","South-West","M1F2 Dublin Outflow","367126","370794"
"2023","South-West","M2F2 Dublin Inflow","361667","365407"
"2023","South-West","M2F2 Dublin Outflow","362145","366109"
"2023","South-West","M3F2 Dublin Inflow","356734","360758"
"2023","South-West","M3F2 Dublin Outflow","357192","361459"
"2023","West","M1F2 Dublin Inflow","234752","236306"
"2023","West","M1F2 Dublin Outflow","236775","237071"
"2023","West","M2F2 Dublin Inflow","231654","233259"
"2023","West","M2F2 Dublin Outflow","233674","234044"
"2023","West","M3F2 Dublin Inflow","228481","230162"
"2023","West","M3F2 Dublin Outflow","230506","230947"
"2024","Border","M1F2 Dublin Inflow","205456","208258"
"2024","Border","M1F2 Dublin Outflow","212040","214989"
"2024","Border","M2F2 Dublin Inflow","201878","204912"
"2024","Border","M2F2 Dublin Outflow","208472","211661"
"2024","Border","M3F2 Dublin Inflow","198185","201524"
"2024","Border","M3F2 Dublin Outflow","204763","208264"
"2024","Dublin","M1F2 Dublin Inflow","760274","786415"
"2024","Dublin","M1F2 Dublin Outflow","724356","742366"
"2024","Dublin","M2F2 Dublin Inflow","742314","769522"
"2024","Dublin","M2F2 Dublin Outflow","706379","725435"
"2024","Dublin","M3F2 Dublin Inflow","724767","752940"
"2024","Dublin","M3F2 Dublin Outflow","688794","708866"
"2024","Mid-East","M1F2 Dublin Inflow","379757","390140"
"2024","Mid-East","M1F2 Dublin Outflow","392176","403452"
"2024","Mid-East","M2F2 Dublin Inflow","374815","384919"
"2024","Mid-East","M2F2 Dublin Outflow","387238","398235"
"2024","Mid-East","M3F2 Dublin Inflow","369699","379674"
"2024","Mid-East","M3F2 Dublin Outflow","382125","392984"
"2024","Mid-West","M1F2 Dublin Inflow","253811","253005"
"2024","Mid-West","M1F2 Dublin Outflow","252793","255589"
"2024","Mid-West","M2F2 Dublin Inflow","249668","248990"
"2024","Mid-West","M2F2 Dublin Outflow","248645","251603"
"2024","Mid-West","M3F2 Dublin Inflow","245384","244948"
"2024","Mid-West","M3F2 Dublin Outflow","244356","247560"
"2024","Midlands","M1F2 Dublin Inflow","158852","158625"
"2024","Midlands","M1F2 Dublin Outflow","167452","169259"
"2024","Midlands","M2F2 Dublin Inflow","156786","156672"
"2024","Midlands","M2F2 Dublin Outflow","165362","167307"
"2024","Midlands","M3F2 Dublin Inflow","154702","154783"
"2024","Midlands","M3F2 Dublin Outflow","163309","165424"
"2024","South-East","M1F2 Dublin Inflow","218827","220874"
"2024","South-East","M1F2 Dublin Outflow","225202","229873"
"2024","South-East","M2F2 Dublin Inflow","216671","219088"
"2024","South-East","M2F2 Dublin Outflow","223060","228085"
"2024","South-East","M3F2 Dublin Inflow","214386","217246"
"2024","South-East","M3F2 Dublin Outflow","220779","226254"
"2024","South-West","M1F2 Dublin Inflow","369910","373087"
"2024","South-West","M1F2 Dublin Outflow","370460","373930"
"2024","South-West","M2F2 Dublin Inflow","364138","367685"
"2024","South-West","M2F2 Dublin Outflow","364699","368515"
"2024","South-West","M3F2 Dublin Inflow","358454","362331"
"2024","South-West","M3F2 Dublin Outflow","358990","363159"
"2024","West","M1F2 Dublin Inflow","236014","237692"
"2024","West","M1F2 Dublin Outflow","238452","238627"
"2024","West","M2F2 Dublin Inflow","232452","234182"
"2024","West","M2F2 Dublin Outflow","234886","235136"
"2024","West","M3F2 Dublin Inflow","228734","230564"
"2024","West","M3F2 Dublin Outflow","231173","231517"
"2025","Border","M1F2 Dublin Inflow","206194","209270"
"2025","Border","M1F2 Dublin Outflow","213948","217193"
"2025","Border","M2F2 Dublin Inflow","202149","205474"
"2025","Border","M2F2 Dublin Outflow","209916","213413"
"2025","Border","M3F2 Dublin Inflow","197894","201589"
"2025","Border","M3F2 Dublin Outflow","205642","209516"
"2025","Dublin","M1F2 Dublin Inflow","773715","799806"
"2025","Dublin","M1F2 Dublin Outflow","731281","747923"
"2025","Dublin","M2F2 Dublin Inflow","753232","780551"
"2025","Dublin","M2F2 Dublin Outflow","710783","728620"
"2025","Dublin","M3F2 Dublin Inflow","733463","761852"
"2025","Dublin","M3F2 Dublin Outflow","690972","709928"
"2025","Mid-East","M1F2 Dublin Inflow","383962","394984"
"2025","Mid-East","M1F2 Dublin Outflow","398664","410712"
"2025","Mid-East","M2F2 Dublin Inflow","378362","389046"
"2025","Mid-East","M2F2 Dublin Outflow","393068","404780"
"2025","Mid-East","M3F2 Dublin Inflow","372477","383057"
"2025","Mid-East","M3F2 Dublin Outflow","387178","398788"
"2025","Mid-West","M1F2 Dublin Inflow","255862","254669"
"2025","Mid-West","M1F2 Dublin Outflow","254674","257686"
"2025","Mid-West","M2F2 Dublin Inflow","251163","250112"
"2025","Mid-West","M2F2 Dublin Outflow","249970","253163"
"2025","Mid-West","M3F2 Dublin Inflow","246245","245485"
"2025","Mid-West","M3F2 Dublin Outflow","245048","248533"
"2025","Midlands","M1F2 Dublin Inflow","159936","159665"
"2025","Midlands","M1F2 Dublin Outflow","170109","172217"
"2025","Midlands","M2F2 Dublin Inflow","157581","157440"
"2025","Midlands","M2F2 Dublin Outflow","167724","169988"
"2025","Midlands","M3F2 Dublin Inflow","155220","155304"
"2025","Midlands","M3F2 Dublin Outflow","165397","167859"
"2025","South-East","M1F2 Dublin Inflow","219501","221421"
"2025","South-East","M1F2 Dublin Outflow","227043","232011"
"2025","South-East","M2F2 Dublin Inflow","217071","219388"
"2025","South-East","M2F2 Dublin Outflow","224628","229983"
"2025","South-East","M3F2 Dublin Inflow","214432","217278"
"2025","South-East","M3F2 Dublin Outflow","221995","227883"
"2025","South-West","M1F2 Dublin Inflow","373069","376018"
"2025","South-West","M1F2 Dublin Outflow","373701","376982"
"2025","South-West","M2F2 Dublin Inflow","366489","369860"
"2025","South-West","M2F2 Dublin Outflow","367126","370815"
"2025","South-West","M3F2 Dublin Inflow","360050","363790"
"2025","South-West","M3F2 Dublin Outflow","360666","364742"
"2025","West","M1F2 Dublin Inflow","237213","239036"
"2025","West","M1F2 Dublin Outflow","240071","240136"
"2025","West","M2F2 Dublin Inflow","233187","235055"
"2025","West","M2F2 Dublin Outflow","236035","236181"
"2025","West","M3F2 Dublin Inflow","228899","230893"
"2025","West","M3F2 Dublin Outflow","231758","232016"
"2026","Border","M1F2 Dublin Inflow","206901","210257"
"2026","Border","M1F2 Dublin Outflow","215841","219387"
"2026","Border","M2F2 Dublin Inflow","202378","205998"
"2026","Border","M2F2 Dublin Outflow","211334","215144"
"2026","Border","M3F2 Dublin Inflow","197549","201612"
"2026","Border","M3F2 Dublin Outflow","206494","210744"
"2026","Dublin","M1F2 Dublin Inflow","787040","813105"
"2026","Dublin","M1F2 Dublin Outflow","737939","753240"
"2026","Dublin","M2F2 Dublin Inflow","764001","791435"
"2026","Dublin","M2F2 Dublin Outflow","714873","731517"
"2026","Dublin","M3F2 Dublin Inflow","741961","770579"
"2026","Dublin","M3F2 Dublin Outflow","692795","710666"
"2026","Mid-East","M1F2 Dublin Inflow","388114","399778"
"2026","Mid-East","M1F2 Dublin Outflow","405163","417986"
"2026","Mid-East","M2F2 Dublin Inflow","381840","393110"
"2026","Mid-East","M2F2 Dublin Outflow","398895","411322"
"2026","Mid-East","M3F2 Dublin Inflow","375163","386362"
"2026","Mid-East","M3F2 Dublin Outflow","392207","404572"
"2026","Mid-West","M1F2 Dublin Inflow","257865","256293"
"2026","Mid-West","M1F2 Dublin Outflow","256507","259746"
"2026","Mid-West","M2F2 Dublin Inflow","252603","251180"
"2026","Mid-West","M2F2 Dublin Outflow","251242","254672"
"2026","Mid-West","M3F2 Dublin Inflow","247037","245958"
"2026","Mid-West","M3F2 Dublin Outflow","245677","249443"
"2026","Midlands","M1F2 Dublin Inflow","160984","160681"
"2026","Midlands","M1F2 Dublin Outflow","172767","175178"
"2026","Midlands","M2F2 Dublin Inflow","158330","158164"
"2026","Midlands","M2F2 Dublin Outflow","170085","172663"
"2026","Midlands","M3F2 Dublin Inflow","155687","155781"
"2026","Midlands","M3F2 Dublin Outflow","167475","170286"
"2026","South-East","M1F2 Dublin Inflow","220104","221898"
"2026","South-East","M1F2 Dublin Outflow","228851","234117"
"2026","South-East","M2F2 Dublin Inflow","217399","219621"
"2026","South-East","M2F2 Dublin Outflow","226158","231842"
"2026","South-East","M3F2 Dublin Inflow","214401","217234"
"2026","South-East","M3F2 Dublin Outflow","223162","229467"
"2026","South-West","M1F2 Dublin Inflow","376146","378875"
"2026","South-West","M1F2 Dublin Outflow","376846","379958"
"2026","South-West","M2F2 Dublin Inflow","368743","371943"
"2026","South-West","M2F2 Dublin Outflow","369454","373015"
"2026","South-West","M3F2 Dublin Inflow","361529","365152"
"2026","South-West","M3F2 Dublin Outflow","362216","366219"
"2026","West","M1F2 Dublin Inflow","238346","240319"
"2026","West","M1F2 Dublin Outflow","241628","241593"
"2026","West","M2F2 Dublin Inflow","233854","235868"
"2026","West","M2F2 Dublin Outflow","237112","237168"
"2026","West","M3F2 Dublin Inflow","228987","231152"
"2026","West","M3F2 Dublin Outflow","232264","232449"
"2027","Border","M1F2 Dublin Inflow","207572","211211"
"2027","Border","M1F2 Dublin Outflow","217723","221565"
"2027","Border","M2F2 Dublin Inflow","202556","206485"
"2027","Border","M2F2 Dublin Outflow","212731","216853"
"2027","Border","M3F2 Dublin Inflow","197148","201588"
"2027","Border","M3F2 Dublin Outflow","207304","211938"
"2027","Dublin","M1F2 Dublin Inflow","800236","826289"
"2027","Dublin","M1F2 Dublin Outflow","744309","758295"
"2027","Dublin","M2F2 Dublin Inflow","774592","802167"
"2027","Dublin","M2F2 Dublin Outflow","718637","734115"
"2027","Dublin","M3F2 Dublin Inflow","750239","779114"
"2027","Dublin","M3F2 Dublin Outflow","694253","711061"
"2027","Mid-East","M1F2 Dublin Inflow","392222","404526"
"2027","Mid-East","M1F2 Dublin Outflow","411680","425274"
"2027","Mid-East","M2F2 Dublin Inflow","385259","397116"
"2027","Mid-East","M2F2 Dublin Outflow","404720","417866"
"2027","Mid-East","M3F2 Dublin Inflow","377769","389595"
"2027","Mid-East","M3F2 Dublin Outflow","397217","410338"
"2027","Mid-West","M1F2 Dublin Inflow","259834","257884"
"2027","Mid-West","M1F2 Dublin Outflow","258302","261770"
"2027","Mid-West","M2F2 Dublin Inflow","253996","252211"
"2027","Mid-West","M2F2 Dublin Outflow","252461","256128"
"2027","Mid-West","M3F2 Dublin Inflow","247772","246378"
"2027","Mid-West","M3F2 Dublin Outflow","246244","250297"
"2027","Midlands","M1F2 Dublin Inflow","161991","161658"
"2027","Midlands","M1F2 Dublin Outflow","175424","178145"
"2027","Midlands","M2F2 Dublin Inflow","159032","158844"
"2027","Midlands","M2F2 Dublin Outflow","172441","175339"
"2027","Midlands","M3F2 Dublin Inflow","156101","156213"
"2027","Midlands","M3F2 Dublin Outflow","169545","172711"
"2027","South-East","M1F2 Dublin Inflow","220639","222314"
"2027","South-East","M1F2 Dublin Outflow","230628","236190"
"2027","South-East","M2F2 Dublin Inflow","217656","219785"
"2027","South-East","M2F2 Dublin Outflow","227650","233667"
"2027","South-East","M3F2 Dublin Inflow","214295","217118"
"2027","South-East","M3F2 Dublin Outflow","224291","231011"
"2027","South-West","M1F2 Dublin Inflow","379144","381662"
"2027","South-West","M1F2 Dublin Outflow","379911","382858"
"2027","South-West","M2F2 Dublin Inflow","370898","373944"
"2027","South-West","M2F2 Dublin Outflow","371673","375129"
"2027","South-West","M3F2 Dublin Inflow","362901","366412"
"2027","South-West","M3F2 Dublin Outflow","363657","367586"
"2027","West","M1F2 Dublin Inflow","239429","241556"
"2027","West","M1F2 Dublin Outflow","243137","243007"
"2027","West","M2F2 Dublin Inflow","234456","236625"
"2027","West","M2F2 Dublin Outflow","238133","238096"
"2027","West","M3F2 Dublin Inflow","228998","231341"
"2027","West","M3F2 Dublin Outflow","232697","232814"
"2028","Border","M1F2 Dublin Inflow","208216","212148"
"2028","Border","M1F2 Dublin Outflow","219598","223742"
"2028","Border","M2F2 Dublin Inflow","202712","206941"
"2028","Border","M2F2 Dublin Outflow","214113","218545"
"2028","Border","M3F2 Dublin Inflow","196701","201521"
"2028","Border","M3F2 Dublin Outflow","208088","213105"
"2028","Dublin","M1F2 Dublin Inflow","813344","839406"
"2028","Dublin","M1F2 Dublin Outflow","750442","763132"
"2028","Dublin","M2F2 Dublin Inflow","785051","812790"
"2028","Dublin","M2F2 Dublin Outflow","722122","736453"
"2028","Dublin","M3F2 Dublin Inflow","758354","787497"
"2028","Dublin","M3F2 Dublin Outflow","695395","711166"
"2028","Mid-East","M1F2 Dublin Inflow","396295","409249"
"2028","Mid-East","M1F2 Dublin Outflow","418225","432592"
"2028","Mid-East","M2F2 Dublin Inflow","388633","401078"
"2028","Mid-East","M2F2 Dublin Outflow","410559","424426"
"2028","Mid-East","M3F2 Dublin Inflow","380313","392768"
"2028","Mid-East","M3F2 Dublin Outflow","402225","416109"
"2028","Mid-West","M1F2 Dublin Inflow","261779","259453"
"2028","Mid-West","M1F2 Dublin Outflow","260072","263767"
"2028","Mid-West","M2F2 Dublin Inflow","255351","253203"
"2028","Mid-West","M2F2 Dublin Outflow","253646","257551"
"2028","Mid-West","M3F2 Dublin Inflow","248460","246751"
"2028","Mid-West","M3F2 Dublin Outflow","246761","251105"
"2028","Midlands","M1F2 Dublin Inflow","162963","162605"
"2028","Midlands","M1F2 Dublin Outflow","178091","181123"
"2028","Midlands","M2F2 Dublin Inflow","159692","159489"
"2028","Midlands","M2F2 Dublin Outflow","174797","178019"
"2028","Midlands","M3F2 Dublin Inflow","156477","156603"
"2028","Midlands","M3F2 Dublin Outflow","171610","175136"
"2028","South-East","M1F2 Dublin Inflow","221106","222666"
"2028","South-East","M1F2 Dublin Outflow","232375","238240"
"2028","South-East","M2F2 Dublin Inflow","217844","219889"
"2028","South-East","M2F2 Dublin Outflow","229113","235465"
"2028","South-East","M3F2 Dublin Inflow","214116","216930"
"2028","South-East","M3F2 Dublin Outflow","225382","232520"
"2028","South-West","M1F2 Dublin Inflow","382080","384404"
"2028","South-West","M1F2 Dublin Outflow","382912","385708"
"2028","South-West","M2F2 Dublin Inflow","372983","375880"
"2028","South-West","M2F2 Dublin Outflow","373821","377176"
"2028","South-West","M3F2 Dublin Inflow","364188","367598"
"2028","South-West","M3F2 Dublin Outflow","365009","368875"
"2028","West","M1F2 Dublin Inflow","240471","242750"
"2028","West","M1F2 Dublin Outflow","244599","244380"
"2028","West","M2F2 Dublin Inflow","234998","237330"
"2028","West","M2F2 Dublin Outflow","239092","238977"
"2028","West","M3F2 Dublin Inflow","228943","231467"
"2028","West","M3F2 Dublin Outflow","233055","233119"
"2029","Border","M1F2 Dublin Inflow","208837","213065"
"2029","Border","M1F2 Dublin Outflow","221476","225919"
"2029","Border","M2F2 Dublin Inflow","202841","207373"
"2029","Border","M2F2 Dublin Outflow","215487","220239"
"2029","Border","M3F2 Dublin Inflow","196219","201421"
"2029","Border","M3F2 Dublin Outflow","208859","214264"
"2029","Dublin","M1F2 Dublin Inflow","826393","852473"
"2029","Dublin","M1F2 Dublin Outflow","756371","767789"
"2029","Dublin","M2F2 Dublin Inflow","795415","823322"
"2029","Dublin","M2F2 Dublin Outflow","725358","738572"
"2029","Dublin","M3F2 Dublin Inflow","766339","795764"
"2029","Dublin","M3F2 Dublin Outflow","696256","711018"
"2029","Mid-East","M1F2 Dublin Inflow","400362","413963"
"2029","Mid-East","M1F2 Dublin Outflow","424818","439958"
"2029","Mid-East","M2F2 Dublin Inflow","391986","405024"
"2029","Mid-East","M2F2 Dublin Outflow","416438","431019"
"2029","Mid-East","M3F2 Dublin Inflow","382827","395915"
"2029","Mid-East","M3F2 Dublin Outflow","407261","421903"
"2029","Mid-West","M1F2 Dublin Inflow","263706","261010"
"2029","Mid-West","M1F2 Dublin Outflow","261821","265750"
"2029","Mid-West","M2F2 Dublin Inflow","256683","254175"
"2029","Mid-West","M2F2 Dublin Outflow","254804","258954"
"2029","Mid-West","M3F2 Dublin Inflow","249111","247094"
"2029","Mid-West","M3F2 Dublin Outflow","247237","251875"
"2029","Midlands","M1F2 Dublin Inflow","163913","163525"
"2029","Midlands","M1F2 Dublin Outflow","180771","184117"
"2029","Midlands","M2F2 Dublin Inflow","160319","160107"
"2029","Midlands","M2F2 Dublin Outflow","177162","180703"
"2029","Midlands","M3F2 Dublin Inflow","156816","156959"
"2029","Midlands","M3F2 Dublin Outflow","173681","177564"
"2029","South-East","M1F2 Dublin Inflow","221527","222970"
"2029","South-East","M1F2 Dublin Outflow","234109","240270"
"2029","South-East","M2F2 Dublin Inflow","217974","219932"
"2029","South-East","M2F2 Dublin Outflow","230554","237242"
"2029","South-East","M3F2 Dublin Inflow","213877","216680"
"2029","South-East","M3F2 Dublin Outflow","226449","234003"
"2029","South-West","M1F2 Dublin Inflow","384972","387106"
"2029","South-West","M1F2 Dublin Outflow","385870","388510"
"2029","South-West","M2F2 Dublin Inflow","375011","377768"
"2029","South-West","M2F2 Dublin Outflow","375908","379160"
"2029","South-West","M3F2 Dublin Inflow","365405","368719"
"2029","South-West","M3F2 Dublin Outflow","366282","370097"
"2029","West","M1F2 Dublin Inflow","241476","243915"
"2029","West","M1F2 Dublin Outflow","246017","245720"
"2029","West","M2F2 Dublin Inflow","235501","237999"
"2029","West","M2F2 Dublin Outflow","240011","239819"
"2029","West","M3F2 Dublin Inflow","228833","231546"
"2029","West","M3F2 Dublin Outflow","233365","233371"
"2030","Border","M1F2 Dublin Inflow","209444","213972"
"2030","Border","M1F2 Dublin Outflow","223352","228101"
"2030","Border","M2F2 Dublin Inflow","202943","207783"
"2030","Border","M2F2 Dublin Outflow","216857","221934"
"2030","Border","M3F2 Dublin Inflow","195713","201287"
"2030","Border","M3F2 Dublin Outflow","209615","215416"
"2030","Dublin","M1F2 Dublin Inflow","839339","865449"
"2030","Dublin","M1F2 Dublin Outflow","762057","772221"
"2030","Dublin","M2F2 Dublin Inflow","805639","833742"
"2030","Dublin","M2F2 Dublin Outflow","728325","740433"
"2030","Dublin","M3F2 Dublin Inflow","774161","803886"
"2030","Dublin","M3F2 Dublin Outflow","696808","710588"
"2030","Mid-East","M1F2 Dublin Inflow","404427","418672"
"2030","Mid-East","M1F2 Dublin Outflow","431464","447360"
"2030","Mid-East","M2F2 Dublin Inflow","395330","408954"
"2030","Mid-East","M2F2 Dublin Outflow","422354","437647"
"2030","Mid-East","M3F2 Dublin Inflow","385322","399027"
"2030","Mid-East","M3F2 Dublin Outflow","412318","427720"
"2030","Mid-West","M1F2 Dublin Inflow","265618","262546"
"2030","Mid-West","M1F2 Dublin Outflow","263553","267709"
"2030","Mid-West","M2F2 Dublin Inflow","257994","255122"
"2030","Mid-West","M2F2 Dublin Outflow","255933","260323"
"2030","Mid-West","M3F2 Dublin Inflow","249728","247402"
"2030","Mid-West","M3F2 Dublin Outflow","247675","252609"
"2030","Midlands","M1F2 Dublin Inflow","164830","164423"
"2030","Midlands","M1F2 Dublin Outflow","183468","187124"
"2030","Midlands","M2F2 Dublin Inflow","160915","160692"
"2030","Midlands","M2F2 Dublin Outflow","179531","183400"
"2030","Midlands","M3F2 Dublin Inflow","157116","157283"
"2030","Midlands","M3F2 Dublin Outflow","175757","179998"
"2030","South-East","M1F2 Dublin Inflow","221898","223221"
"2030","South-East","M1F2 Dublin Outflow","235826","242295"
"2030","South-East","M2F2 Dublin Inflow","218055","219927"
"2030","South-East","M2F2 Dublin Outflow","231983","239002"
"2030","South-East","M3F2 Dublin Inflow","213580","216374"
"2030","South-East","M3F2 Dublin Outflow","227500","235463"
"2030","South-West","M1F2 Dublin Inflow","387823","389776"
"2030","South-West","M1F2 Dublin Outflow","388780","391274"
"2030","South-West","M2F2 Dublin Inflow","376985","379611"
"2030","South-West","M2F2 Dublin Outflow","377943","381092"
"2030","South-West","M3F2 Dublin Inflow","366558","369784"
"2030","South-West","M3F2 Dublin Outflow","367490","371255"
"2030","West","M1F2 Dublin Inflow","242446","245053"
"2030","West","M1F2 Dublin Outflow","247404","247036"
"2030","West","M2F2 Dublin Inflow","235968","238638"
"2030","West","M2F2 Dublin Outflow","240891","240632"
"2030","West","M3F2 Dublin Inflow","228676","231584"
"2030","West","M3F2 Dublin Outflow","233621","233579"
"2031","Border","M1F2 Dublin Inflow","210034","214863"
"2031","Border","M1F2 Dublin Outflow","225239","230284"
"2031","Border","M2F2 Dublin Inflow","203022","208173"
"2031","Border","M2F2 Dublin Outflow","218227","223624"
"2031","Border","M3F2 Dublin Inflow","195178","201130"
"2031","Border","M3F2 Dublin Outflow","210372","216559"
"2031","Dublin","M1F2 Dublin Inflow","852244","878397"
"2031","Dublin","M1F2 Dublin Outflow","767565","776492"
"2031","Dublin","M2F2 Dublin Inflow","815793","844094"
"2031","Dublin","M2F2 Dublin Outflow","731081","742107"
"2031","Dublin","M3F2 Dublin Inflow","781882","811914"
"2031","Dublin","M3F2 Dublin Outflow","697125","709929"
"2031","Mid-East","M1F2 Dublin Inflow","408496","423378"
"2031","Mid-East","M1F2 Dublin Outflow","438153","454808"
"2031","Mid-East","M2F2 Dublin Inflow","398661","412870"
"2031","Mid-East","M2F2 Dublin Outflow","428310","444308"
"2031","Mid-East","M3F2 Dublin Inflow","387790","402121"
"2031","Mid-East","M3F2 Dublin Outflow","417407","433555"
"2031","Mid-West","M1F2 Dublin Inflow","267517","264070"
"2031","Mid-West","M1F2 Dublin Outflow","265265","269653"
"2031","Mid-West","M2F2 Dublin Inflow","259282","256047"
"2031","Mid-West","M2F2 Dublin Outflow","257041","261671"
"2031","Mid-West","M3F2 Dublin Inflow","250316","247676"
"2031","Mid-West","M3F2 Dublin Outflow","248079","253311"
"2031","Midlands","M1F2 Dublin Inflow","165717","165294"
"2031","Midlands","M1F2 Dublin Outflow","186173","190144"
"2031","Midlands","M2F2 Dublin Inflow","161480","161251"
"2031","Midlands","M2F2 Dublin Outflow","181913","186104"
"2031","Midlands","M3F2 Dublin Inflow","157378","157574"
"2031","Midlands","M3F2 Dublin Outflow","177839","182438"
"2031","South-East","M1F2 Dublin Inflow","222213","223421"
"2031","South-East","M1F2 Dublin Outflow","237534","244303"
"2031","South-East","M2F2 Dublin Inflow","218081","219864"
"2031","South-East","M2F2 Dublin Outflow","233399","240748"
"2031","South-East","M3F2 Dublin Inflow","213226","216008"
"2031","South-East","M3F2 Dublin Outflow","228533","236908"
"2031","South-West","M1F2 Dublin Inflow","390633","392404"
"2031","South-West","M1F2 Dublin Outflow","391643","393992"
"2031","South-West","M2F2 Dublin Inflow","378904","381402"
"2031","South-West","M2F2 Dublin Outflow","379915","382974"
"2031","South-West","M3F2 Dublin Inflow","367647","370788"
"2031","South-West","M3F2 Dublin Outflow","368635","372350"
"2031","West","M1F2 Dublin Inflow","243393","246169"
"2031","West","M1F2 Dublin Outflow","248760","248318"
"2031","West","M2F2 Dublin Inflow","236402","239246"
"2031","West","M2F2 Dublin Outflow","241731","241410"
"2031","West","M3F2 Dublin Inflow","228475","231582"
"2031","West","M3F2 Dublin Outflow","233826","233745"
"2032","Border","M1F2 Dublin Inflow","210611","215738"
"2032","Border","M1F2 Dublin Outflow","227122","232472"
"2032","Border","M2F2 Dublin Inflow","203081","208544"
"2032","Border","M2F2 Dublin Outflow","219590","225303"
"2032","Border","M3F2 Dublin Inflow","194610","200943"
"2032","Border","M3F2 Dublin Outflow","211110","217687"
"2032","Dublin","M1F2 Dublin Inflow","865097","891305"
"2032","Dublin","M1F2 Dublin Outflow","772890","780598"
"2032","Dublin","M2F2 Dublin Inflow","825867","854376"
"2032","Dublin","M2F2 Dublin Outflow","733614","743586"
"2032","Dublin","M3F2 Dublin Inflow","789497","819852"
"2032","Dublin","M3F2 Dublin Outflow","697213","709056"
"2032","Mid-East","M1F2 Dublin Inflow","412557","428072"
"2032","Mid-East","M1F2 Dublin Outflow","444880","462288"
"2032","Mid-East","M2F2 Dublin Inflow","401979","416763"
"2032","Mid-East","M2F2 Dublin Outflow","434292","450985"
"2032","Mid-East","M3F2 Dublin Inflow","390235","405184"
"2032","Mid-East","M3F2 Dublin Outflow","422514","439404"
"2032","Mid-West","M1F2 Dublin Inflow","269393","265569"
"2032","Mid-West","M1F2 Dublin Outflow","266959","271574"
"2032","Mid-West","M2F2 Dublin Inflow","260539","256940"
"2032","Mid-West","M2F2 Dublin Outflow","258116","262985"
"2032","Mid-West","M3F2 Dublin Inflow","250870","247915"
"2032","Mid-West","M3F2 Dublin Outflow","248451","253973"
"2032","Midlands","M1F2 Dublin Inflow","166571","166134"
"2032","Midlands","M1F2 Dublin Outflow","188883","193167"
"2032","Midlands","M2F2 Dublin Inflow","162009","161770"
"2032","Midlands","M2F2 Dublin Outflow","184291","188813"
"2032","Midlands","M3F2 Dublin Inflow","157606","157833"
"2032","Midlands","M3F2 Dublin Outflow","179923","184881"
"2032","South-East","M1F2 Dublin Inflow","222478","223568"
"2032","South-East","M1F2 Dublin Outflow","239228","246289"
"2032","South-East","M2F2 Dublin Inflow","218051","219748"
"2032","South-East","M2F2 Dublin Outflow","234792","242474"
"2032","South-East","M3F2 Dublin Inflow","212812","215582"
"2032","South-East","M3F2 Dublin Outflow","229544","238326"
"2032","South-West","M1F2 Dublin Inflow","393385","394987"
"2032","South-West","M1F2 Dublin Outflow","394449","396663"
"2032","South-West","M2F2 Dublin Inflow","380760","383145"
"2032","South-West","M2F2 Dublin Outflow","381822","384797"
"2032","South-West","M3F2 Dublin Inflow","368666","371731"
"2032","South-West","M3F2 Dublin Outflow","369705","373377"
"2032","West","M1F2 Dublin Inflow","244316","247262"
"2032","West","M1F2 Dublin Outflow","250086","249575"
"2032","West","M2F2 Dublin Inflow","236805","239826"
"2032","West","M2F2 Dublin Outflow","242539","242152"
"2032","West","M3F2 Dublin Inflow","228238","231544"
"2032","West","M3F2 Dublin Outflow","233996","233871"
"2033","Border","M1F2 Dublin Inflow","211193","216609"
"2033","Border","M1F2 Dublin Outflow","229028","234673"
"2033","Border","M2F2 Dublin Inflow","203147","208909"
"2033","Border","M2F2 Dublin Outflow","220976","227001"
"2033","Border","M3F2 Dublin Inflow","194041","200748"
"2033","Border","M3F2 Dublin Outflow","211866","218823"
"2033","Dublin","M1F2 Dublin Inflow","878004","904265"
"2033","Dublin","M1F2 Dublin Outflow","778131","784624"
"2033","Dublin","M2F2 Dublin Inflow","835967","864687"
"2033","Dublin","M2F2 Dublin Outflow","736050","744954"
"2033","Dublin","M3F2 Dublin Inflow","797116","827794"
"2033","Dublin","M3F2 Dublin Outflow","697152","708057"
"2033","Mid-East","M1F2 Dublin Inflow","416647","432792"
"2033","Mid-East","M1F2 Dublin Outflow","451679","469835"
"2033","Mid-East","M2F2 Dublin Inflow","405320","420673"
"2033","Mid-East","M2F2 Dublin Outflow","440343","457721"
"2033","Mid-East","M3F2 Dublin Inflow","392698","408261"
"2033","Mid-East","M3F2 Dublin Outflow","427679","445300"
"2033","Mid-West","M1F2 Dublin Inflow","271277","267067"
"2033","Mid-West","M1F2 Dublin Outflow","268658","273507"
"2033","Mid-West","M2F2 Dublin Inflow","261793","257831"
"2033","Mid-West","M2F2 Dublin Outflow","259197","264301"
"2033","Mid-West","M3F2 Dublin Inflow","251409","248141"
"2033","Mid-West","M3F2 Dublin Outflow","248815","254625"
"2033","Midlands","M1F2 Dublin Inflow","167409","166962"
"2033","Midlands","M1F2 Dublin Outflow","191621","196215"
"2033","Midlands","M2F2 Dublin Inflow","162517","162275"
"2033","Midlands","M2F2 Dublin Outflow","186695","191546"
"2033","Midlands","M3F2 Dublin Inflow","157807","158068"
"2033","Midlands","M3F2 Dublin Outflow","182028","187345"
"2033","South-East","M1F2 Dublin Inflow","222704","223669"
"2033","South-East","M1F2 Dublin Outflow","240926","248278"
"2033","South-East","M2F2 Dublin Inflow","217987","219584"
"2033","South-East","M2F2 Dublin Outflow","236187","244190"
"2033","South-East","M3F2 Dublin Inflow","212355","215109"
"2033","South-East","M3F2 Dublin Outflow","230549","239738"
"2033","South-West","M1F2 Dublin Inflow","396132","397564"
"2033","South-West","M1F2 Dublin Outflow","397246","399326"
"2033","South-West","M2F2 Dublin Inflow","382602","384867"
"2033","South-West","M2F2 Dublin Outflow","383716","386603"
"2033","South-West","M3F2 Dublin Inflow","369660","372651"
"2033","South-West","M3F2 Dublin Outflow","370749","374380"
"2033","West","M1F2 Dublin Inflow","245234","248344"
"2033","West","M1F2 Dublin Outflow","251402","250824"
"2033","West","M2F2 Dublin Inflow","237196","240389"
"2033","West","M2F2 Dublin Outflow","243324","242874"
"2033","West","M3F2 Dublin Inflow","227984","231480"
"2033","West","M3F2 Dublin Outflow","234138","233967"
"2034","Border","M1F2 Dublin Inflow","211772","217476"
"2034","Border","M1F2 Dublin Outflow","230951","236889"
"2034","Border","M2F2 Dublin Inflow","203201","209260"
"2034","Border","M2F2 Dublin Outflow","222372","228702"
"2034","Border","M3F2 Dublin Inflow","193459","200538"
"2034","Border","M3F2 Dublin Outflow","212632","219961"
"2034","Dublin","M1F2 Dublin Inflow","890990","917307"
"2034","Dublin","M1F2 Dublin Outflow","783313","788599"
"2034","Dublin","M2F2 Dublin Inflow","846121","875056"
"2034","Dublin","M2F2 Dublin Outflow","738400","746250"
"2034","Dublin","M3F2 Dublin Inflow","804768","835772"
"2034","Dublin","M3F2 Dublin Outflow","696995","706961"
"2034","Mid-East","M1F2 Dublin Inflow","420775","437536"
"2034","Mid-East","M1F2 Dublin Outflow","458557","477440"
"2034","Mid-East","M2F2 Dublin Inflow","408691","424602"
"2034","Mid-East","M2F2 Dublin Outflow","446461","464509"
"2034","Mid-East","M3F2 Dublin Inflow","395183","411347"
"2034","Mid-East","M3F2 Dublin Outflow","432907","451249"
"2034","Mid-West","M1F2 Dublin Inflow","273158","268563"
"2034","Mid-West","M1F2 Dublin Outflow","270366","275432"
"2034","Mid-West","M2F2 Dublin Inflow","263045","258709"
"2034","Mid-West","M2F2 Dublin Outflow","260274","265610"
"2034","Mid-West","M3F2 Dublin Inflow","251937","248352"
"2034","Mid-West","M3F2 Dublin Outflow","249171","255269"
"2034","Midlands","M1F2 Dublin Inflow","168237","167775"
"2034","Midlands","M1F2 Dublin Outflow","194383","199287"
"2034","Midlands","M2F2 Dublin Inflow","163006","162763"
"2034","Midlands","M2F2 Dublin Outflow","189123","194298"
"2034","Midlands","M3F2 Dublin Inflow","157994","158285"
"2034","Midlands","M3F2 Dublin Outflow","184149","189831"
"2034","South-East","M1F2 Dublin Inflow","222892","223728"
"2034","South-East","M1F2 Dublin Outflow","242619","250259"
"2034","South-East","M2F2 Dublin Inflow","217877","219374"
"2034","South-East","M2F2 Dublin Outflow","237582","245905"
"2034","South-East","M3F2 Dublin Inflow","211847","214588"
"2034","South-East","M3F2 Dublin Outflow","231557","241142"
"2034","South-West","M1F2 Dublin Inflow","398872","400129"
"2034","South-West","M1F2 Dublin Outflow","400037","401976"
"2034","South-West","M2F2 Dublin Inflow","384420","386569"
"2034","South-West","M2F2 Dublin Outflow","385588","388388"
"2034","South-West","M3F2 Dublin Inflow","370622","373539"
"2034","South-West","M3F2 Dublin Outflow","371762","375353"
"2034","West","M1F2 Dublin Inflow","246149","249420"
"2034","West","M1F2 Dublin Outflow","252707","252055"
"2034","West","M2F2 Dublin Inflow","237577","240941"
"2034","West","M2F2 Dublin Outflow","244098","243580"
"2034","West","M3F2 Dublin Inflow","227710","231397"
"2034","West","M3F2 Dublin Outflow","234253","234043"
"2035","Border","M1F2 Dublin Inflow","212341","218336"
"2035","Border","M1F2 Dublin Outflow","232885","239110"
"2035","Border","M2F2 Dublin Inflow","203239","209597"
"2035","Border","M2F2 Dublin Outflow","223779","230409"
"2035","Border","M3F2 Dublin Inflow","192862","200305"
"2035","Border","M3F2 Dublin Outflow","213401","221099"
"2035","Dublin","M1F2 Dublin Inflow","904031","930403"
"2035","Dublin","M1F2 Dublin Outflow","788427","792510"
"2035","Dublin","M2F2 Dublin Inflow","856313","885451"
"2035","Dublin","M2F2 Dublin Outflow","740661","747464"
"2035","Dublin","M3F2 Dublin Inflow","812438","843764"
"2035","Dublin","M3F2 Dublin Outflow","696728","705759"
"2035","Mid-East","M1F2 Dublin Inflow","424936","442300"
"2035","Mid-East","M1F2 Dublin Outflow","465502","485094"
"2035","Mid-East","M2F2 Dublin Inflow","412083","428551"
"2035","Mid-East","M2F2 Dublin Outflow","452639","471348"
"2035","Mid-East","M3F2 Dublin Inflow","397681","414438"
"2035","Mid-East","M3F2 Dublin Outflow","438184","457237"
"2035","Mid-West","M1F2 Dublin Inflow","275033","270044"
"2035","Mid-West","M1F2 Dublin Outflow","272061","277347"
"2035","Mid-West","M2F2 Dublin Inflow","264279","259573"
"2035","Mid-West","M2F2 Dublin Outflow","261339","266903"
"2035","Mid-West","M3F2 Dublin Inflow","252444","248539"
"2035","Mid-West","M3F2 Dublin Outflow","249507","255890"
"2035","Midlands","M1F2 Dublin Inflow","169045","168574"
"2035","Midlands","M1F2 Dublin Outflow","197159","202378"
"2035","Midlands","M2F2 Dublin Inflow","163474","163234"
"2035","Midlands","M2F2 Dublin Outflow","191567","197069"
"2035","Midlands","M3F2 Dublin Inflow","158160","158482"
"2035","Midlands","M3F2 Dublin Outflow","186285","192328"
"2035","South-East","M1F2 Dublin Inflow","223048","223745"
"2035","South-East","M1F2 Dublin Outflow","244312","252240"
"2035","South-East","M2F2 Dublin Inflow","217729","219122"
"2035","South-East","M2F2 Dublin Outflow","238979","247614"
"2035","South-East","M3F2 Dublin Inflow","211303","214024"
"2035","South-East","M3F2 Dublin Outflow","232557","242537"
"2035","South-West","M1F2 Dublin Inflow","401599","402687"
"2035","South-West","M1F2 Dublin Outflow","402809","404619"
"2035","South-West","M2F2 Dublin Inflow","386223","388252"
"2035","South-West","M2F2 Dublin Outflow","387444","390159"
"2035","South-West","M3F2 Dublin Inflow","371563","374403"
"2035","South-West","M3F2 Dublin Outflow","372752","376306"
"2035","West","M1F2 Dublin Inflow","247055","250485"
"2035","West","M1F2 Dublin Outflow","254005","253269"
"2035","West","M2F2 Dublin Inflow","237949","241475"
"2035","West","M2F2 Dublin Outflow","244860","244268"
"2035","West","M3F2 Dublin Inflow","227421","231298"
"2035","West","M3F2 Dublin Outflow","234352","234094"
"2036","Border","M1F2 Dublin Inflow","212902","219175"
"2036","Border","M1F2 Dublin Outflow","234826","241336"
"2036","Border","M2F2 Dublin Inflow","203269","209916"
"2036","Border","M2F2 Dublin Outflow","225189","232120"
"2036","Border","M3F2 Dublin Inflow","192249","200049"
"2036","Border","M3F2 Dublin Outflow","214171","222234"
"2036","Dublin","M1F2 Dublin Inflow","917130","943554"
"2036","Dublin","M1F2 Dublin Outflow","793487","796375"
"2036","Dublin","M2F2 Dublin Inflow","866543","895894"
"2036","Dublin","M2F2 Dublin Outflow","742846","748609"
"2036","Dublin","M3F2 Dublin Inflow","820135","851784"
"2036","Dublin","M3F2 Dublin Outflow","696378","704475"
"2036","Mid-East","M1F2 Dublin Inflow","429124","447078"
"2036","Mid-East","M1F2 Dublin Outflow","472489","492786"
"2036","Mid-East","M2F2 Dublin Inflow","415501","432504"
"2036","Mid-East","M2F2 Dublin Outflow","458857","478220"
"2036","Mid-East","M3F2 Dublin Inflow","400189","417529"
"2036","Mid-East","M3F2 Dublin Outflow","443509","463254"
"2036","Mid-West","M1F2 Dublin Inflow","276884","271508"
"2036","Mid-West","M1F2 Dublin Outflow","273746","279245"
"2036","Mid-West","M2F2 Dublin Inflow","265500","260412"
"2036","Mid-West","M2F2 Dublin Outflow","262385","268179"
"2036","Mid-West","M3F2 Dublin Inflow","252931","248698"
"2036","Mid-West","M3F2 Dublin Outflow","249829","256488"
"2036","Midlands","M1F2 Dublin Inflow","169837","169353"
"2036","Midlands","M1F2 Dublin Outflow","199951","205487"
"2036","Midlands","M2F2 Dublin Inflow","163924","163682"
"2036","Midlands","M2F2 Dublin Outflow","194025","199850"
"2036","Midlands","M3F2 Dublin Inflow","158299","158652"
"2036","Midlands","M3F2 Dublin Outflow","188431","194833"
"2036","South-East","M1F2 Dublin Inflow","223167","223725"
"2036","South-East","M1F2 Dublin Outflow","246001","254210"
"2036","South-East","M2F2 Dublin Inflow","217543","218829"
"2036","South-East","M2F2 Dublin Outflow","240373","249309"
"2036","South-East","M3F2 Dublin Inflow","210716","213416"
"2036","South-East","M3F2 Dublin Outflow","233550","243922"
"2036","South-West","M1F2 Dublin Inflow","404305","405221"
"2036","South-West","M1F2 Dublin Outflow","405573","407236"
"2036","South-West","M2F2 Dublin Inflow","388004","389906"
"2036","South-West","M2F2 Dublin Outflow","389275","391900"
"2036","South-West","M3F2 Dublin Inflow","372471","375238"
"2036","South-West","M3F2 Dublin Outflow","373715","377226"
"2036","West","M1F2 Dublin Inflow","247955","251538"
"2036","West","M1F2 Dublin Outflow","255285","254464"
"2036","West","M2F2 Dublin Inflow","238307","241993"
"2036","West","M2F2 Dublin Outflow","245604","244929"
"2036","West","M3F2 Dublin Inflow","227113","231172"
"2036","West","M3F2 Dublin Outflow","234427","234114"
