"County","Buyer Type","Year","Execution Volume","Execution Mean Value","Filing Volume","Filing Mean Value"
"Carlow","All","2010","201","183651","190","192686"
"Carlow","All","2011","156","147801","219","161986"
"Carlow","All","2012","230","112309","226","116867"
"Carlow","All","2013","272","116875","287","118518"
"Carlow","All","2014","396","117221","390","117647"
"Carlow","All","2015","446","132390","448","133386"
"Carlow","All","2016","445","149449","449","147731"
"Carlow","All","2017","441","160828","445","159165"
"Carlow","All","2018","519","181609","519","180699"
"Carlow","All","2019","484","180284","476","179951"
"Carlow","All","2020","413","198368","418","196483"
"Carlow","All","2021","333","210551","355","211356"
"Carlow","First-Time Owner-Occupier","2010","116","181998","101","191778"
"Carlow","First-Time Owner-Occupier","2011","60","159970","95","171518"
"Carlow","First-Time Owner-Occupier","2012","81","116178","77","120995"
"Carlow","First-Time Owner-Occupier","2013","97","113414","105","113566"
"Carlow","First-Time Owner-Occupier","2014","120","121706","121","122099"
"Carlow","First-Time Owner-Occupier","2015","133","133249","130","134631"
"Carlow","First-Time Owner-Occupier","2016","109","154755","109","153714"
"Carlow","First-Time Owner-Occupier","2017","138","164847","138","162616"
"Carlow","First-Time Owner-Occupier","2018","133","186542","135","186360"
"Carlow","First-Time Owner-Occupier","2019","150","191848","142","193789"
"Carlow","First-Time Owner-Occupier","2020","130","195908","137","192584"
"Carlow","First-Time Owner-Occupier","2021","112","202775","118","202791"
"Carlow","Former Owner-Occupier","2010","56","197643","58","212414"
"Carlow","Former Owner-Occupier","2011","64","152522","81","161077"
"Carlow","Former Owner-Occupier","2012","108","117601","107","121776"
"Carlow","Former Owner-Occupier","2013","119","137467","121","137746"
"Carlow","Former Owner-Occupier","2014","186","131788","185","130050"
"Carlow","Former Owner-Occupier","2015","205","148511","207","150036"
"Carlow","Former Owner-Occupier","2016","235","165645","239","163578"
"Carlow","Former Owner-Occupier","2017","219","167277","219","168263"
"Carlow","Former Owner-Occupier","2018","290","197336","288","195445"
"Carlow","Former Owner-Occupier","2019","248","195406","243","194928"
"Carlow","Former Owner-Occupier","2020","227","209552","225","208388"
"Carlow","Former Owner-Occupier","2021","174","231334","189","231881"
"Carlow","Non-Occupier","2010","29","163244","31","158735"
"Carlow","Non-Occupier","2011","32","115543","43","142640"
"Carlow","Non-Occupier","2012","41","90723.7","42","96794.8"
"Carlow","Non-Occupier","2013","56","79111.7","61","88900.4"
"Carlow","Non-Occupier","2014","90","81133.2","84","83916.7"
"Carlow","Non-Occupier","2015","108","100731","111","100879"
"Carlow","Non-Occupier","2016","101","106038","101","103776"
"Carlow","Non-Occupier","2017","84","137410","88","131113"
"Carlow","Non-Occupier","2018","96","127267","96","128501"
"Carlow","Non-Occupier","2019","86","116506","91","118363"
"Carlow","Non-Occupier","2020","56","158741","56","158188"
"Carlow","Non-Occupier","2021","47","152138","48","151593"
"Cavan","All","2010","145","151541","187","167086"
"Cavan","All","2011","104","133443","128","142281"
"Cavan","All","2012","140","106934","145","119221"
"Cavan","All","2013","213","87442.6","213","93975.3"
"Cavan","All","2014","339","81053.1","323","80838.4"
"Cavan","All","2015","354","89951.6","370","89091"
"Cavan","All","2016","339","103563","353","104983"
"Cavan","All","2017","373","113936","378","113840"
"Cavan","All","2018","390","126349","394","122639"
"Cavan","All","2019","367","138148","365","140619"
"Cavan","All","2020","329","139244","336","138862"
"Cavan","All","2021","320","155537","332","154192"
"Cavan","First-Time Owner-Occupier","2010","65","150146","88","170532"
"Cavan","First-Time Owner-Occupier","2011","33","137600","44","154004"
"Cavan","First-Time Owner-Occupier","2012","53","116946","57","135700"
"Cavan","First-Time Owner-Occupier","2013","64","90152.2","66","100504"
"Cavan","First-Time Owner-Occupier","2014","84","96074.9","83","93133.9"
"Cavan","First-Time Owner-Occupier","2015","98","91252.4","99","92621.6"
"Cavan","First-Time Owner-Occupier","2016","70","114606","81","112824"
"Cavan","First-Time Owner-Occupier","2017","91","132787","88","135142"
"Cavan","First-Time Owner-Occupier","2018","104","138647","104","133355"
"Cavan","First-Time Owner-Occupier","2019","101","158006","102","160528"
"Cavan","First-Time Owner-Occupier","2020","95","152652","96","153924"
"Cavan","First-Time Owner-Occupier","2021","103","174196","108","172030"
"Cavan","Former Owner-Occupier","2010","40","175231","51","188423"
"Cavan","Former Owner-Occupier","2011","46","147754","52","150664"
"Cavan","Former Owner-Occupier","2012","57","112936","58","119733"
"Cavan","Former Owner-Occupier","2013","95","96818.1","93","102425"
"Cavan","Former Owner-Occupier","2014","150","88258.4","144","88508.8"
"Cavan","Former Owner-Occupier","2015","142","101462","145","99454.2"
"Cavan","Former Owner-Occupier","2016","142","117289","150","119077"
"Cavan","Former Owner-Occupier","2017","160","128724","164","128331"
"Cavan","Former Owner-Occupier","2018","184","140448","182","138398"
"Cavan","Former Owner-Occupier","2019","172","143806","169","145731"
"Cavan","Former Owner-Occupier","2020","160","152998","165","151889"
"Cavan","Former Owner-Occupier","2021","152","164547","157","162851"
"Cavan","Non-Occupier","2010","40","130117","48","138099"
"Cavan","Non-Occupier","2011","25","101624","32","112538"
"Cavan","Non-Occupier","2012","30","77840.1","30","86921.8"
"Cavan","Non-Occupier","2013","54","67737","54","71443.6"
"Cavan","Non-Occupier","2014","105","58742.2","96","58702.4"
"Cavan","Non-Occupier","2015","114","74495.4","126","74390.8"
"Cavan","Non-Occupier","2016","127","82128.8","122","82449.7"
"Cavan","Non-Occupier","2017","122","80481.4","126","80100.9"
"Cavan","Non-Occupier","2018","102","88375.4","108","85763.6"
"Cavan","Non-Occupier","2019","94","106458","94","109825"
"Cavan","Non-Occupier","2020","74","92293.3","75","90922.7"
"Cavan","Non-Occupier","2021","65","104899","67","105149"
"Clare","All","2010","373","180879","425","182857"
"Clare","All","2011","296","160085","338","167334"
"Clare","All","2012","428","136292","457","140587"
"Clare","All","2013","434","118715","424","121713"
"Clare","All","2014","695","114090","674","114338"
"Clare","All","2015","772","122729","793","123164"
"Clare","All","2016","830","143451","849","140837"
"Clare","All","2017","834","155962","853","155467"
"Clare","All","2018","810","175905","791","174647"
"Clare","All","2019","834","188763","834","188345"
"Clare","All","2020","728","194426","748","194372"
"Clare","All","2021","615","206872","641","206660"
"Clare","First-Time Owner-Occupier","2010","164","185224","196","187242"
"Clare","First-Time Owner-Occupier","2011","84","152927","111","169914"
"Clare","First-Time Owner-Occupier","2012","110","136148","118","138481"
"Clare","First-Time Owner-Occupier","2013","121","121008","123","125538"
"Clare","First-Time Owner-Occupier","2014","171","121360","171","120464"
"Clare","First-Time Owner-Occupier","2015","186","132409","194","131757"
"Clare","First-Time Owner-Occupier","2016","207","145759","211","145832"
"Clare","First-Time Owner-Occupier","2017","204","163744","206","163101"
"Clare","First-Time Owner-Occupier","2018","214","185070","208","184893"
"Clare","First-Time Owner-Occupier","2019","223","191160","229","191789"
"Clare","First-Time Owner-Occupier","2020","218","194218","217","192298"
"Clare","First-Time Owner-Occupier","2021","169","209123","175","210045"
"Clare","Former Owner-Occupier","2010","114","198805","126","194940"
"Clare","Former Owner-Occupier","2011","129","186643","135","190085"
"Clare","Former Owner-Occupier","2012","210","155264","213","157455"
"Clare","Former Owner-Occupier","2013","179","135767","180","138967"
"Clare","Former Owner-Occupier","2014","297","134521","291","134329"
"Clare","Former Owner-Occupier","2015","358","138559","352","141345"
"Clare","Former Owner-Occupier","2016","383","158779","397","154915"
"Clare","Former Owner-Occupier","2017","397","172127","402","172623"
"Clare","Former Owner-Occupier","2018","416","187270","411","183169"
"Clare","Former Owner-Occupier","2019","438","204534","421","206122"
"Clare","Former Owner-Occupier","2020","389","209439","408","209990"
"Clare","Former Owner-Occupier","2021","305","231643","321","229810"
"Clare","Non-Occupier","2010","95","151868","103","159732"
"Clare","Non-Occupier","2011","83","126053","92","130834"
"Clare","Non-Occupier","2012","108","99546.7","126","114045"
"Clare","Non-Occupier","2013","134","93866","121","92158"
"Clare","Non-Occupier","2014","227","81881","212","81956.1"
"Clare","Non-Occupier","2015","228","89978.4","247","90504.4"
"Clare","Non-Occupier","2016","240","116999","241","113274"
"Clare","Non-Occupier","2017","233","121605","245","120899"
"Clare","Non-Occupier","2018","180","138742","172","141892"
"Clare","Non-Occupier","2019","173","145744","184","143386"
"Clare","Non-Occupier","2020","121","146534","123","146221"
"Clare","Non-Occupier","2021","141","150592","145","151327"
"Cork","All","2010","1958","244860","2085","248726"
"Cork","All","2011","1747","209038","2026","213474"
"Cork","All","2012","2403","178880","2398","182302"
"Cork","All","2013","2716","169301","2701","173987"
"Cork","All","2014","4047","178004","3931","176719"
"Cork","All","2015","4617","195514","4728","194524"
"Cork","All","2016","4534","215327","4581","214080"
"Cork","All","2017","4806","230210","4907","228018"
"Cork","All","2018","4932","255109","4913","254107"
"Cork","All","2019","5104","269128","5103","268656"
"Cork","All","2020","4302","274283","4293","272748"
"Cork","All","2021","3433","283942","3701","283941"
"Cork","First-Time Owner-Occupier","2010","1057","228047","1122","234286"
"Cork","First-Time Owner-Occupier","2011","654","190862","812","200083"
"Cork","First-Time Owner-Occupier","2012","856","175979","846","181205"
"Cork","First-Time Owner-Occupier","2013","848","158782","875","163651"
"Cork","First-Time Owner-Occupier","2014","1090","182324","1098","179768"
"Cork","First-Time Owner-Occupier","2015","1206","188572","1210","187940"
"Cork","First-Time Owner-Occupier","2016","1236","214914","1246","211533"
"Cork","First-Time Owner-Occupier","2017","1388","231515","1412","231215"
"Cork","First-Time Owner-Occupier","2018","1485","254054","1488","253339"
"Cork","First-Time Owner-Occupier","2019","1620","261983","1603","262392"
"Cork","First-Time Owner-Occupier","2020","1563","276015","1563","273812"
"Cork","First-Time Owner-Occupier","2021","1162","277420","1239","278897"
"Cork","Former Owner-Occupier","2010","640","290917","662","294646"
"Cork","Former Owner-Occupier","2011","783","245700","827","247482"
"Cork","Former Owner-Occupier","2012","1085","207669","1073","211717"
"Cork","Former Owner-Occupier","2013","1311","195862","1280","199863"
"Cork","Former Owner-Occupier","2014","1909","201219","1848","199269"
"Cork","Former Owner-Occupier","2015","2221","227188","2289","225070"
"Cork","Former Owner-Occupier","2016","2146","248221","2173","247115"
"Cork","Former Owner-Occupier","2017","2306","259355","2334","258869"
"Cork","Former Owner-Occupier","2018","2455","285381","2427","284475"
"Cork","Former Owner-Occupier","2019","2636","298166","2628","297562"
"Cork","Former Owner-Occupier","2020","2136","294411","2131","293720"
"Cork","Former Owner-Occupier","2021","1734","311723","1876","310685"
"Cork","Non-Occupier","2010","261","200015","301","201560"
"Cork","Non-Occupier","2011","310","154784","387","168897"
"Cork","Non-Occupier","2012","462","116643","479","118348"
"Cork","Non-Occupier","2013","557","122799","546","129890"
"Cork","Non-Occupier","2014","1048","131222","985","131014"
"Cork","Non-Occupier","2015","1190","143435","1229","144115"
"Cork","Non-Occupier","2016","1152","154493","1162","155032"
"Cork","Non-Occupier","2017","1112","168142","1161","162107"
"Cork","Non-Occupier","2018","992","181770","998","181402"
"Cork","Non-Occupier","2019","848","192514","872","193056"
"Cork","Non-Occupier","2020","603","198494","599","195361"
"Cork","Non-Occupier","2021","537","208352","586","208988"
"Donegal","All","2010","506","169216","557","175018"
"Donegal","All","2011","411","140753","497","149342"
"Donegal","All","2012","530","117653","558","123350"
"Donegal","All","2013","604","100852","618","104505"
"Donegal","All","2014","912","100051","896","100263"
"Donegal","All","2015","1174","115365","1180","114689"
"Donegal","All","2016","1152","114805","1184","113941"
"Donegal","All","2017","1024","126651","1039","126567"
"Donegal","All","2018","1110","123270","1099","124060"
"Donegal","All","2019","1159","133708","1169","132821"
"Donegal","All","2020","1100","146896","1080","146131"
"Donegal","All","2021","867","153032","943","152379"
"Donegal","First-Time Owner-Occupier","2010","183","167908","212","174082"
"Donegal","First-Time Owner-Occupier","2011","83","139680","129","164042"
"Donegal","First-Time Owner-Occupier","2012","124","116629","122","127235"
"Donegal","First-Time Owner-Occupier","2013","130","100520","144","103286"
"Donegal","First-Time Owner-Occupier","2014","166","97322","169","97249.3"
"Donegal","First-Time Owner-Occupier","2015","156","120735","158","121584"
"Donegal","First-Time Owner-Occupier","2016","187","120019","190","120231"
"Donegal","First-Time Owner-Occupier","2017","169","133322","169","132107"
"Donegal","First-Time Owner-Occupier","2018","159","133413","160","135092"
"Donegal","First-Time Owner-Occupier","2019","159","151097","163","146544"
"Donegal","First-Time Owner-Occupier","2020","169","157556","161","157019"
"Donegal","First-Time Owner-Occupier","2021","119","165728","132","166775"
"Donegal","Former Owner-Occupier","2010","171","185780","171","197932"
"Donegal","Former Owner-Occupier","2011","183","151183","198","157340"
"Donegal","Former Owner-Occupier","2012","227","125811","236","129141"
"Donegal","Former Owner-Occupier","2013","286","110902","287","116040"
"Donegal","Former Owner-Occupier","2014","432","113416","429","113036"
"Donegal","Former Owner-Occupier","2015","627","125026","620","124861"
"Donegal","Former Owner-Occupier","2016","587","129793","612","127553"
"Donegal","Former Owner-Occupier","2017","545","138919","539","140604"
"Donegal","Former Owner-Occupier","2018","614","132018","621","132408"
"Donegal","Former Owner-Occupier","2019","620","145631","621","145195"
"Donegal","Former Owner-Occupier","2020","633","155091","625","154804"
"Donegal","Former Owner-Occupier","2021","492","161990","529","160449"
"Donegal","Non-Occupier","2010","152","152155","174","153638"
"Donegal","Non-Occupier","2011","145","128203","170","128872"
"Donegal","Non-Occupier","2012","179","108017","200","114148"
"Donegal","Non-Occupier","2013","188","85791.5","187","87740.6"
"Donegal","Non-Occupier","2014","314","83106.3","298","83585.1"
"Donegal","Non-Occupier","2015","391","97729","402","96290"
"Donegal","Non-Occupier","2016","378","88949.2","382","89004.6"
"Donegal","Non-Occupier","2017","310","101445","331","100882"
"Donegal","Non-Occupier","2018","337","102546","318","102207"
"Donegal","Non-Occupier","2019","380","106978","385","107051"
"Donegal","Non-Occupier","2020","298","123445","294","121731"
"Donegal","Non-Occupier","2021","256","129912","282","130502"
"Dublin","All","2010","6258","338053","6587","341911"
"Dublin","All","2011","5065","318800","5377","321877"
"Dublin","All","2012","7446","292353","7265","294006"
"Dublin","All","2013","8714","317279","8775","314307"
"Dublin","All","2014","11289","351726","11119","350685"
"Dublin","All","2015","12001","369940","12347","366797"
"Dublin","All","2016","12834","399144","12850","396753"
"Dublin","All","2017","14218","427936","14238","425983"
"Dublin","All","2018","14660","445867","14715","445532"
"Dublin","All","2019","14686","436351","14590","438924"
"Dublin","All","2020","11170","451015","11381","444256"
"Dublin","All","2021","8766","499841","9350","499687"
"Dublin","First-Time Owner-Occupier","2010","3766","274779","3983","280828"
"Dublin","First-Time Owner-Occupier","2011","2030","244114","2351","253453"
"Dublin","First-Time Owner-Occupier","2012","2738","226865","2690","228869"
"Dublin","First-Time Owner-Occupier","2013","2817","243872","2969","241693"
"Dublin","First-Time Owner-Occupier","2014","3356","280122","3354","278633"
"Dublin","First-Time Owner-Occupier","2015","3528","290591","3605","290312"
"Dublin","First-Time Owner-Occupier","2016","3982","317435","3935","316639"
"Dublin","First-Time Owner-Occupier","2017","4765","352758","4760","350028"
"Dublin","First-Time Owner-Occupier","2018","5232","373436","5239","372208"
"Dublin","First-Time Owner-Occupier","2019","5410","373873","5373","374036"
"Dublin","First-Time Owner-Occupier","2020","4360","386292","4432","385242"
"Dublin","First-Time Owner-Occupier","2021","3170","410193","3384","409315"
"Dublin","Former Owner-Occupier","2010","2075","464055","2144","462894"
"Dublin","Former Owner-Occupier","2011","2443","391070","2423","399206"
"Dublin","Former Owner-Occupier","2012","3686","357833","3575","357436"
"Dublin","Former Owner-Occupier","2013","4500","383311","4461","382819"
"Dublin","Former Owner-Occupier","2014","5680","422182","5623","420275"
"Dublin","Former Owner-Occupier","2015","6458","428011","6580","424803"
"Dublin","Former Owner-Occupier","2016","6760","464318","6809","461343"
"Dublin","Former Owner-Occupier","2017","7484","493983","7483","491792"
"Dublin","Former Owner-Occupier","2018","7610","512038","7642","513028"
"Dublin","Former Owner-Occupier","2019","7687","494678","7672","495730"
"Dublin","Former Owner-Occupier","2020","5863","506515","5909","499755"
"Dublin","Former Owner-Occupier","2021","4777","571991","5086","571920"
"Dublin","Non-Occupier","2010","417","282498","460","306927"
"Dublin","Non-Occupier","2011","592","276666","603","277926"
"Dublin","Non-Occupier","2012","1022","231639","1000","242465"
"Dublin","Non-Occupier","2013","1397","252598","1345","247360"
"Dublin","Non-Occupier","2014","2253","280758","2142","280826"
"Dublin","Non-Occupier","2015","2015","322755","2162","317791"
"Dublin","Non-Occupier","2016","2092","344071","2106","337611"
"Dublin","Non-Occupier","2017","1969","358827","1995","360367"
"Dublin","Non-Occupier","2018","1818","377329","1834","373742"
"Dublin","Non-Occupier","2019","1589","366902","1545","382501"
"Dublin","Non-Occupier","2020","947","405394","1040","380413"
"Dublin","Non-Occupier","2021","819","425993","880","429731"
"Galway","All","2010","793","237547","851","242022"
"Galway","All","2011","762","200395","804","203973"
"Galway","All","2012","936","176058","938","179259"
"Galway","All","2013","1276","166182","1235","169583"
"Galway","All","2014","1917","165628","1853","167850"
"Galway","All","2015","2181","176155","2255","173172"
"Galway","All","2016","1903","196207","1932","195821"
"Galway","All","2017","2092","215355","2082","213614"
"Galway","All","2018","2043","238549","2083","236063"
"Galway","All","2019","2097","247467","2079","248507"
"Galway","All","2020","1767","259825","1791","257799"
"Galway","All","2021","1423","275457","1517","273685"
"Galway","First-Time Owner-Occupier","2010","441","219021","458","222973"
"Galway","First-Time Owner-Occupier","2011","232","179071","269","188771"
"Galway","First-Time Owner-Occupier","2012","316","167259","310","167372"
"Galway","First-Time Owner-Occupier","2013","335","146871","338","153838"
"Galway","First-Time Owner-Occupier","2014","471","160388","477","158990"
"Galway","First-Time Owner-Occupier","2015","518","171509","535","171816"
"Galway","First-Time Owner-Occupier","2016","491","188942","487","189193"
"Galway","First-Time Owner-Occupier","2017","541","216302","536","213429"
"Galway","First-Time Owner-Occupier","2018","583","227148","586","226415"
"Galway","First-Time Owner-Occupier","2019","626","232547","616","232938"
"Galway","First-Time Owner-Occupier","2020","530","255934","540","254739"
"Galway","First-Time Owner-Occupier","2021","400","269607","424","268409"
"Galway","Former Owner-Occupier","2010","220","291666","242","288688"
"Galway","Former Owner-Occupier","2011","309","232422","305","233982"
"Galway","Former Owner-Occupier","2012","421","200534","426","206708"
"Galway","Former Owner-Occupier","2013","569","195787","552","195918"
"Galway","Former Owner-Occupier","2014","830","189807","804","192217"
"Galway","Former Owner-Occupier","2015","968","203376","982","201111"
"Galway","Former Owner-Occupier","2016","865","222333","875","222153"
"Galway","Former Owner-Occupier","2017","951","241817","964","238098"
"Galway","Former Owner-Occupier","2018","974","270165","972","269642"
"Galway","Former Owner-Occupier","2019","1034","276456","1039","276792"
"Galway","Former Owner-Occupier","2020","939","281018","939","278977"
"Galway","Former Owner-Occupier","2021","755","300840","806","299705"
"Galway","Non-Occupier","2010","132","209245","151","225010"
"Galway","Non-Occupier","2011","221","178001","230","181957"
"Galway","Non-Occupier","2012","199","138249","202","139617"
"Galway","Non-Occupier","2013","372","138291","345","142872"
"Galway","Non-Occupier","2014","616","137054","572","140987"
"Galway","Non-Occupier","2015","695","141703","738","136981"
"Galway","Non-Occupier","2016","547","161415","570","161061"
"Galway","Non-Occupier","2017","600","172557","582","173228"
"Galway","Non-Occupier","2018","486","188864","525","184663"
"Galway","Non-Occupier","2019","437","200246","424","201815"
"Galway","Non-Occupier","2020","298","199966","312","199359"
"Galway","Non-Occupier","2021","268","212678","287","208407"
"Kerry","All","2010","485","203969","546","210054"
"Kerry","All","2011","438","172165","510","181406"
"Kerry","All","2012","591","158723","609","163380"
"Kerry","All","2013","673","133650","667","133012"
"Kerry","All","2014","1004","133694","954","137392"
"Kerry","All","2015","1186","140242","1217","138795"
"Kerry","All","2016","1206","151358","1219","150347"
"Kerry","All","2017","1200","165879","1223","164660"
"Kerry","All","2018","1200","178328","1207","178359"
"Kerry","All","2019","1175","190999","1185","190600"
"Kerry","All","2020","1059","198976","1061","196941"
"Kerry","All","2021","839","216166","898","215791"
"Kerry","First-Time Owner-Occupier","2010","212","196141","235","203892"
"Kerry","First-Time Owner-Occupier","2011","104","186925","130","191633"
"Kerry","First-Time Owner-Occupier","2012","136","148168","139","159763"
"Kerry","First-Time Owner-Occupier","2013","137","138015","153","138613"
"Kerry","First-Time Owner-Occupier","2014","216","131180","206","132813"
"Kerry","First-Time Owner-Occupier","2015","213","141332","230","142468"
"Kerry","First-Time Owner-Occupier","2016","254","146364","248","145234"
"Kerry","First-Time Owner-Occupier","2017","261","177669","266","179149"
"Kerry","First-Time Owner-Occupier","2018","234","180436","231","181088"
"Kerry","First-Time Owner-Occupier","2019","240","183931","242","183104"
"Kerry","First-Time Owner-Occupier","2020","234","198936","238","197198"
"Kerry","First-Time Owner-Occupier","2021","159","221550","167","220629"
"Kerry","Former Owner-Occupier","2010","144","241460","156","241981"
"Kerry","Former Owner-Occupier","2011","187","186667","198","197468"
"Kerry","Former Owner-Occupier","2012","267","173051","276","174882"
"Kerry","Former Owner-Occupier","2013","316","143686","297","142524"
"Kerry","Former Owner-Occupier","2014","454","146883","447","151808"
"Kerry","Former Owner-Occupier","2015","565","154444","575","151871"
"Kerry","Former Owner-Occupier","2016","562","174849","567","174268"
"Kerry","Former Owner-Occupier","2017","581","179037","583","177632"
"Kerry","Former Owner-Occupier","2018","585","198103","586","198043"
"Kerry","Former Owner-Occupier","2019","589","203811","599","203457"
"Kerry","Former Owner-Occupier","2020","519","216695","518","215659"
"Kerry","Former Owner-Occupier","2021","461","231512","491","230459"
"Kerry","Non-Occupier","2010","129","174982","155","187264"
"Kerry","Non-Occupier","2011","147","143275","182","156626"
"Kerry","Non-Occupier","2012","188","146009","194","149608"
"Kerry","Non-Occupier","2013","220","116517","217","116045"
"Kerry","Non-Occupier","2014","334","117393","301","119118"
"Kerry","Non-Occupier","2015","408","120005","412","118495"
"Kerry","Non-Occupier","2016","390","120759","404","119913"
"Kerry","Non-Occupier","2017","358","135928","374","134133"
"Kerry","Non-Occupier","2018","381","146670","390","147166"
"Kerry","Non-Occupier","2019","346","174090","344","173485"
"Kerry","Non-Occupier","2020","306","168953","305","164951"
"Kerry","Non-Occupier","2021","219","179953","240","182419"
"Kildare","All","2010","1011","253464","1056","258131"
"Kildare","All","2011","714","226898","808","231842"
"Kildare","All","2012","998","193223","1004","196726"
"Kildare","All","2013","1234","201057","1221","202561"
"Kildare","All","2014","1767","233572","1745","230473"
"Kildare","All","2015","2087","247374","2165","246492"
"Kildare","All","2016","2032","263736","2021","263454"
"Kildare","All","2017","2392","280630","2371","277667"
"Kildare","All","2018","2555","302666","2564","302135"
"Kildare","All","2019","2754","311618","2720","310659"
"Kildare","All","2020","2402","322272","2422","320534"
"Kildare","All","2021","1787","336286","1946","337351"
"Kildare","First-Time Owner-Occupier","2010","602","238848","646","242510"
"Kildare","First-Time Owner-Occupier","2011","283","218005","349","232111"
"Kildare","First-Time Owner-Occupier","2012","395","192991","385","191779"
"Kildare","First-Time Owner-Occupier","2013","415","182812","435","187491"
"Kildare","First-Time Owner-Occupier","2014","588","210685","588","209520"
"Kildare","First-Time Owner-Occupier","2015","645","239781","668","235970"
"Kildare","First-Time Owner-Occupier","2016","574","255952","572","255535"
"Kildare","First-Time Owner-Occupier","2017","739","276170","720","273447"
"Kildare","First-Time Owner-Occupier","2018","953","294798","960","294941"
"Kildare","First-Time Owner-Occupier","2019","1083","303026","1058","301869"
"Kildare","First-Time Owner-Occupier","2020","1037","321913","1041","319605"
"Kildare","First-Time Owner-Occupier","2021","758","322268","823","324814"
"Kildare","Former Owner-Occupier","2010","343","292495","348","297409"
"Kildare","Former Owner-Occupier","2011","348","242723","368","246185"
"Kildare","Former Owner-Occupier","2012","508","205476","497","204880"
"Kildare","Former Owner-Occupier","2013","658","224544","640","222887"
"Kildare","Former Owner-Occupier","2014","969","257057","938","255514"
"Kildare","Former Owner-Occupier","2015","1199","267836","1243","267867"
"Kildare","Former Owner-Occupier","2016","1209","281788","1199","281871"
"Kildare","Former Owner-Occupier","2017","1381","297734","1379","294459"
"Kildare","Former Owner-Occupier","2018","1390","320105","1393","318622"
"Kildare","Former Owner-Occupier","2019","1467","329932","1455","329764"
"Kildare","Former Owner-Occupier","2020","1186","342739","1205","339614"
"Kildare","Former Owner-Occupier","2021","899","360665","979","362120"
"Kildare","Non-Occupier","2010","66","183944","62","200422"
"Kildare","Non-Occupier","2011","83","190869","91","172812"
"Kildare","Non-Occupier","2012","95","128664","122","179117"
"Kildare","Non-Occupier","2013","161","152096","146","158364"
"Kildare","Non-Occupier","2014","210","189287","219","179479"
"Kildare","Non-Occupier","2015","243","166568","254","169565"
"Kildare","Non-Occupier","2016","249","194033","250","193245"
"Kildare","Non-Occupier","2017","272","205906","272","203703"
"Kildare","Non-Occupier","2018","212","223688","211","226029"
"Kildare","Non-Occupier","2019","204","225537","207","221293"
"Kildare","Non-Occupier","2020","179","188738","176","195386"
"Kildare","Non-Occupier","2021","130","249437","144","240611"
"Kilkenny","All","2010","243","204850","268","203187"
"Kilkenny","All","2011","235","168639","276","179676"
"Kilkenny","All","2012","333","142819","326","144900"
"Kilkenny","All","2013","311","142717","310","148514"
"Kilkenny","All","2014","437","153310","437","147708"
"Kilkenny","All","2015","473","178003","486","178797"
"Kilkenny","All","2016","451","196615","463","194651"
"Kilkenny","All","2017","489","192747","488","191348"
"Kilkenny","All","2018","490","222705","503","224054"
"Kilkenny","All","2019","491","231330","487","231164"
"Kilkenny","All","2020","426","230966","421","230550"
"Kilkenny","All","2021","365","265922","392","262541"
"Kilkenny","First-Time Owner-Occupier","2010","112","191411","123","198810"
"Kilkenny","First-Time Owner-Occupier","2011","83","162324","107","174422"
"Kilkenny","First-Time Owner-Occupier","2012","110","143257","107","145838"
"Kilkenny","First-Time Owner-Occupier","2013","87","142357","88","148830"
"Kilkenny","First-Time Owner-Occupier","2014","92","144724","96","142012"
"Kilkenny","First-Time Owner-Occupier","2015","88","153518","93","155688"
"Kilkenny","First-Time Owner-Occupier","2016","87","178970","85","176840"
"Kilkenny","First-Time Owner-Occupier","2017","98","182352","99","176551"
"Kilkenny","First-Time Owner-Occupier","2018","121","205716","123","203924"
"Kilkenny","First-Time Owner-Occupier","2019","120","201043","121","207929"
"Kilkenny","First-Time Owner-Occupier","2020","126","239426","126","236694"
"Kilkenny","First-Time Owner-Occupier","2021","103","237121","107","237116"
"Kilkenny","Former Owner-Occupier","2010","88","247495","100","230623"
"Kilkenny","Former Owner-Occupier","2011","115","190949","125","200525"
"Kilkenny","Former Owner-Occupier","2012","155","163447","148","166608"
"Kilkenny","Former Owner-Occupier","2013","164","156858","170","159837"
"Kilkenny","Former Owner-Occupier","2014","238","169890","236","163840"
"Kilkenny","Former Owner-Occupier","2015","265","200545","267","202517"
"Kilkenny","Former Owner-Occupier","2016","274","207092","275","206827"
"Kilkenny","Former Owner-Occupier","2017","282","215768","285","214573"
"Kilkenny","Former Owner-Occupier","2018","290","240183","297","243250"
"Kilkenny","Former Owner-Occupier","2019","297","257225","293","254843"
"Kilkenny","Former Owner-Occupier","2020","243","242199","242","241432"
"Kilkenny","Former Owner-Occupier","2021","204","287797","220","284503"
"Kilkenny","Non-Occupier","2010","43","152582","45","154184"
"Kilkenny","Non-Occupier","2011","37","113465","44","133225"
"Kilkenny","Non-Occupier","2012","68","95087.5","71","98235.3"
"Kilkenny","Non-Occupier","2013","60","104586","52","110963"
"Kilkenny","Non-Occupier","2014","107","123811","105","116658"
"Kilkenny","Non-Occupier","2015","120","146180","126","145589"
"Kilkenny","Non-Occupier","2016","90","181771","103","176842"
"Kilkenny","Non-Occupier","2017","109","142535","104","141787"
"Kilkenny","Non-Occupier","2018","79","184566","83","185195"
"Kilkenny","Non-Occupier","2019","74","176513","73","174637"
"Kilkenny","Non-Occupier","2020","57","164379","53","166257"
"Kilkenny","Non-Occupier","2021","58","240129","65","230062"
"Laois","All","2010","256","173003","273","181381"
"Laois","All","2011","231","133388","267","140342"
"Laois","All","2012","329","100651","331","106864"
"Laois","All","2013","278","107421","290","106531"
"Laois","All","2014","529","103488","498","104622"
"Laois","All","2015","499","131245","534","128423"
"Laois","All","2016","537","135243","535","135814"
"Laois","All","2017","556","159953","561","156222"
"Laois","All","2018","551","168221","557","168336"
"Laois","All","2019","652","183572","652","183870"
"Laois","All","2020","545","189962","539","187816"
"Laois","All","2021","568","208663","599","208676"
"Laois","First-Time Owner-Occupier","2010","152","173475","159","179219"
"Laois","First-Time Owner-Occupier","2011","98","128183","120","138782"
"Laois","First-Time Owner-Occupier","2012","129","107790","136","116203"
"Laois","First-Time Owner-Occupier","2013","99","105346","101","108965"
"Laois","First-Time Owner-Occupier","2014","154","104173","156","102155"
"Laois","First-Time Owner-Occupier","2015","137","131815","144","130112"
"Laois","First-Time Owner-Occupier","2016","148","145056","140","145368"
"Laois","First-Time Owner-Occupier","2017","176","153710","175","153117"
"Laois","First-Time Owner-Occupier","2018","181","176397","186","174174"
"Laois","First-Time Owner-Occupier","2019","218","183873","217","184463"
"Laois","First-Time Owner-Occupier","2020","206","197458","203","195943"
"Laois","First-Time Owner-Occupier","2021","234","211578","246","212097"
"Laois","Former Owner-Occupier","2010","75","187655","81","194459"
"Laois","Former Owner-Occupier","2011","97","144446","105","149646"
"Laois","Former Owner-Occupier","2012","134","107478","128","111509"
"Laois","Former Owner-Occupier","2013","138","119687","148","114385"
"Laois","Former Owner-Occupier","2014","259","112772","239","114595"
"Laois","Former Owner-Occupier","2015","261","145963","275","142863"
"Laois","Former Owner-Occupier","2016","285","144362","295","143844"
"Laois","Former Owner-Occupier","2017","285","175873","281","173645"
"Laois","Former Owner-Occupier","2018","276","180952","277","181682"
"Laois","Former Owner-Occupier","2019","342","197288","347","196505"
"Laois","Former Owner-Occupier","2020","283","198659","276","197768"
"Laois","Former Owner-Occupier","2021","289","218864","305","217969"
"Laois","Non-Occupier","2010","29","132634","33","159696"
"Laois","Non-Occupier","2011","36","117762","42","121538"
"Laois","Non-Occupier","2012","66","72837.3","67","79030.6"
"Laois","Non-Occupier","2013","41","71142.6","41","72180.5"
"Laois","Non-Occupier","2014","116","81848.6","103","85220.2"
"Laois","Non-Occupier","2015","101","92440.2","115","91777.6"
"Laois","Non-Occupier","2016","104","96286.7","100","98748.3"
"Laois","Non-Occupier","2017","95","123761","105","114770"
"Laois","Non-Occupier","2018","94","115095","94","117457"
"Laois","Non-Occupier","2019","92","131872","88","132582"
"Laois","Non-Occupier","2020","56","118443","60","114538"
"Laois","Non-Occupier","2021","45","127986","48","132091"
"Leitrim","All","2010","84","136539","104","162858"
"Leitrim","All","2011","114","115712","134","133140"
"Leitrim","All","2012","146","100602","144","104405"
"Leitrim","All","2013","218","80608.9","203","85904.3"
"Leitrim","All","2014","224","84190.2","222","81422.1"
"Leitrim","All","2015","340","95027.2","330","97057.7"
"Leitrim","All","2016","325","91491.3","360","90082.6"
"Leitrim","All","2017","333","113006","321","113249"
"Leitrim","All","2018","321","121545","333","118464"
"Leitrim","All","2019","280","120079","287","122088"
"Leitrim","All","2020","279","128022","262","127285"
"Leitrim","All","2021","232","149326","262","146523"
"Leitrim","First-Time Owner-Occupier","2010","30","159617","38","186740"
"Leitrim","First-Time Owner-Occupier","2011","28","146577","40","161888"
"Leitrim","First-Time Owner-Occupier","2012","27","101379","28","116654"
"Leitrim","First-Time Owner-Occupier","2013","55","80242.5","47","82969.6"
"Leitrim","First-Time Owner-Occupier","2014","45","93484.5","43","85544.1"
"Leitrim","First-Time Owner-Occupier","2015","62","91518.7","62","96393.9"
"Leitrim","First-Time Owner-Occupier","2016","58","103478","67","103385"
"Leitrim","First-Time Owner-Occupier","2017","57","124440","58","116035"
"Leitrim","First-Time Owner-Occupier","2018","40","116461","43","120626"
"Leitrim","First-Time Owner-Occupier","2019","58","135614","54","135011"
"Leitrim","First-Time Owner-Occupier","2020","47","138877","48","140546"
"Leitrim","First-Time Owner-Occupier","2021","45","161978","49","158205"
"Leitrim","Former Owner-Occupier","2010","30","130908","33","157864"
"Leitrim","Former Owner-Occupier","2011","38","121400","38","156295"
"Leitrim","Former Owner-Occupier","2012","76","104580","79","106763"
"Leitrim","Former Owner-Occupier","2013","107","90247.4","99","96872"
"Leitrim","Former Owner-Occupier","2014","103","95732.7","103","94088.3"
"Leitrim","Former Owner-Occupier","2015","168","110547","160","112281"
"Leitrim","Former Owner-Occupier","2016","148","107987","165","105057"
"Leitrim","Former Owner-Occupier","2017","164","120893","159","121944"
"Leitrim","Former Owner-Occupier","2018","179","136314","183","133264"
"Leitrim","Former Owner-Occupier","2019","141","129351","146","132632"
"Leitrim","Former Owner-Occupier","2020","165","137380","158","134007"
"Leitrim","Former Owner-Occupier","2021","136","161693","148","161924"
"Leitrim","Non-Occupier","2010","24","114732","33","140352"
"Leitrim","Non-Occupier","2011","48","93206.2","56","96894.8"
"Leitrim","Non-Occupier","2012","43","93083.1","37","90099.8"
"Leitrim","Non-Occupier","2013","56","62552.2","57","69276"
"Leitrim","Non-Occupier","2014","76","63044.3","76","61923.9"
"Leitrim","Non-Occupier","2015","110","73301.6","108","74885.2"
"Leitrim","Non-Occupier","2016","119","65134","128","63816.2"
"Leitrim","Non-Occupier","2017","112","95637.2","104","98402.3"
"Leitrim","Non-Occupier","2018","102","97619.4","107","92282"
"Leitrim","Non-Occupier","2019","81","92817.8","87","96370.6"
"Leitrim","Non-Occupier","2020","67","97361.8","56","96955.1"
"Leitrim","Non-Occupier","2021","51","105184","65","102649"
"Limerick","All","2010","726","201607","825","208579"
"Limerick","All","2011","680","180476","764","181385"
"Limerick","All","2012","714","163507","711","168876"
"Limerick","All","2013","873","145094","910","146860"
"Limerick","All","2014","1463","132718","1404","136143"
"Limerick","All","2015","1792","149013","1857","145829"
"Limerick","All","2016","1719","165618","1745","163084"
"Limerick","All","2017","1888","177770","1895","178427"
"Limerick","All","2018","1903","203618","1895","200660"
"Limerick","All","2019","1936","212137","1984","211787"
"Limerick","All","2020","1611","223751","1602","223856"
"Limerick","All","2021","1258","239695","1346","237323"
"Limerick","First-Time Owner-Occupier","2010","369","192141","432","197553"
"Limerick","First-Time Owner-Occupier","2011","202","172089","243","172722"
"Limerick","First-Time Owner-Occupier","2012","243","154072","248","164734"
"Limerick","First-Time Owner-Occupier","2013","276","138512","294","144937"
"Limerick","First-Time Owner-Occupier","2014","375","136505","370","137510"
"Limerick","First-Time Owner-Occupier","2015","474","145068","491","144041"
"Limerick","First-Time Owner-Occupier","2016","466","169025","476","167065"
"Limerick","First-Time Owner-Occupier","2017","515","183752","508","183133"
"Limerick","First-Time Owner-Occupier","2018","571","212284","556","207704"
"Limerick","First-Time Owner-Occupier","2019","605","208078","636","211018"
"Limerick","First-Time Owner-Occupier","2020","453","223559","440","223302"
"Limerick","First-Time Owner-Occupier","2021","361","235395","387","234804"
"Limerick","Former Owner-Occupier","2010","233","236588","261","244271"
"Limerick","Former Owner-Occupier","2011","314","200781","332","202290"
"Limerick","Former Owner-Occupier","2012","346","181548","336","186150"
"Limerick","Former Owner-Occupier","2013","408","170462","424","168621"
"Limerick","Former Owner-Occupier","2014","650","160435","626","163177"
"Limerick","Former Owner-Occupier","2015","866","173071","868","171530"
"Limerick","Former Owner-Occupier","2016","814","190184","815","187237"
"Limerick","Former Owner-Occupier","2017","891","207099","907","208050"
"Limerick","Former Owner-Occupier","2018","902","224417","887","224913"
"Limerick","Former Owner-Occupier","2019","945","235259","961","232237"
"Limerick","Former Owner-Occupier","2020","908","244542","904","246195"
"Limerick","Former Owner-Occupier","2021","695","265634","742","262204"
"Limerick","Non-Occupier","2010","124","164048","132","174089"
"Limerick","Non-Occupier","2011","164","151928","189","155802"
"Limerick","Non-Occupier","2012","125","131911","127","131262"
"Limerick","Non-Occupier","2013","189","99944.3","192","101748"
"Limerick","Non-Occupier","2014","438","88342.4","408","93426.9"
"Limerick","Non-Occupier","2015","452","107055","498","102797"
"Limerick","Non-Occupier","2016","439","116450","454","115553"
"Limerick","Non-Occupier","2017","482","117163","480","117474"
"Limerick","Non-Occupier","2018","430","148479","452","144401"
"Limerick","Non-Occupier","2019","386","161892","387","162268"
"Limerick","Non-Occupier","2020","250","148585","258","146529"
"Limerick","Non-Occupier","2021","202","158132","217","156737"
"Longford","All","2010","129","150319","148","162941"
"Longford","All","2011","101","114344","118","117030"
"Longford","All","2012","166","88011.7","157","94105.4"
"Longford","All","2013","193","74912.4","192","77303.5"
"Longford","All","2014","363","76438","349","78148.6"
"Longford","All","2015","426","81563.6","436","81073.1"
"Longford","All","2016","413","88384.5","418","88126.9"
"Longford","All","2017","355","103410","355","100513"
"Longford","All","2018","396","110477","404","110661"
"Longford","All","2019","372","129072","378","128628"
"Longford","All","2020","319","124457","323","124784"
"Longford","All","2021","293","139861","306","138643"
"Longford","First-Time Owner-Occupier","2010","55","165202","57","178625"
"Longford","First-Time Owner-Occupier","2011","33","127781","41","134069"
"Longford","First-Time Owner-Occupier","2012","56","101213","57","109048"
"Longford","First-Time Owner-Occupier","2013","53","79860","56","81958.4"
"Longford","First-Time Owner-Occupier","2014","120","90441.9","115","94382.7"
"Longford","First-Time Owner-Occupier","2015","96","88999.2","99","88916.6"
"Longford","First-Time Owner-Occupier","2016","94","103876","94","102821"
"Longford","First-Time Owner-Occupier","2017","94","114546","92","108649"
"Longford","First-Time Owner-Occupier","2018","99","120513","104","123319"
"Longford","First-Time Owner-Occupier","2019","109","141513","107","141852"
"Longford","First-Time Owner-Occupier","2020","73","143198","75","139623"
"Longford","First-Time Owner-Occupier","2021","88","144436","92","145586"
"Longford","Former Owner-Occupier","2010","39","167014","48","173023"
"Longford","Former Owner-Occupier","2011","37","134958","39","135067"
"Longford","Former Owner-Occupier","2012","70","89384.3","66","89238"
"Longford","Former Owner-Occupier","2013","94","77450.2","89","80495.3"
"Longford","Former Owner-Occupier","2014","137","82764.5","134","84646.6"
"Longford","Former Owner-Occupier","2015","190","94462","190","93204.6"
"Longford","Former Owner-Occupier","2016","173","97078.6","178","99147.9"
"Longford","Former Owner-Occupier","2017","140","116663","147","112364"
"Longford","Former Owner-Occupier","2018","186","120258","182","119700"
"Longford","Former Owner-Occupier","2019","179","140937","181","140575"
"Longford","Former Owner-Occupier","2020","174","129385","176","131182"
"Longford","Former Owner-Occupier","2021","141","154038","147","151520"
"Longford","Non-Occupier","2010","35","108328","43","130897"
"Longford","Non-Occupier","2011","31","75436.1","38","80133.7"
"Longford","Non-Occupier","2012","40","67128.5","34","78502.8"
"Longford","Non-Occupier","2013","46","64025.6","47","65712.7"
"Longford","Non-Occupier","2014","106","52407.7","100","50771.3"
"Longford","Non-Occupier","2015","140","58960.3","147","60110.6"
"Longford","Non-Occupier","2016","146","68108.5","146","65229.8"
"Longford","Non-Occupier","2017","121","79425.9","116","79043.2"
"Longford","Non-Occupier","2018","111","85137.4","118","85563.8"
"Longford","Non-Occupier","2019","84","87644.5","90","88879.3"
"Longford","Non-Occupier","2020","72","93548.7","72","93687.5"
"Longford","Non-Occupier","2021","64","102336","67","100858"
"Louth","All","2010","572","198002","608","205252"
"Louth","All","2011","468","166639","554","175331"
"Louth","All","2012","633","145245","644","151119"
"Louth","All","2013","732","137141","725","137655"
"Louth","All","2014","1216","148163","1181","148593"
"Louth","All","2015","1356","163590","1389","161924"
"Louth","All","2016","1325","184336","1341","183110"
"Louth","All","2017","1455","210375","1475","207910"
"Louth","All","2018","1716","232255","1710","233330"
"Louth","All","2019","1646","238404","1649","236353"
"Louth","All","2020","1471","242809","1437","243285"
"Louth","All","2021","1199","264085","1308","261646"
"Louth","First-Time Owner-Occupier","2010","335","196792","360","204334"
"Louth","First-Time Owner-Occupier","2011","168","171544","227","188150"
"Louth","First-Time Owner-Occupier","2012","226","153223","226","159050"
"Louth","First-Time Owner-Occupier","2013","217","130564","225","135514"
"Louth","First-Time Owner-Occupier","2014","341","147096","337","147657"
"Louth","First-Time Owner-Occupier","2015","362","167366","384","164611"
"Louth","First-Time Owner-Occupier","2016","383","180081","381","180076"
"Louth","First-Time Owner-Occupier","2017","453","209061","462","207708"
"Louth","First-Time Owner-Occupier","2018","592","232375","581","232477"
"Louth","First-Time Owner-Occupier","2019","540","239861","533","238731"
"Louth","First-Time Owner-Occupier","2020","516","242942","512","243128"
"Louth","First-Time Owner-Occupier","2021","449","264557","485","263097"
"Louth","Former Owner-Occupier","2010","177","222665","178","231457"
"Louth","Former Owner-Occupier","2011","216","178270","228","182667"
"Louth","Former Owner-Occupier","2012","279","159150","296","164259"
"Louth","Former Owner-Occupier","2013","379","156768","363","155056"
"Louth","Former Owner-Occupier","2014","593","172804","575","173208"
"Louth","Former Owner-Occupier","2015","698","184498","706","183975"
"Louth","Former Owner-Occupier","2016","665","207560","673","205635"
"Louth","Former Owner-Occupier","2017","748","228622","752","226198"
"Louth","Former Owner-Occupier","2018","891","250711","903","250999"
"Louth","Former Owner-Occupier","2019","887","253306","885","251625"
"Louth","Former Owner-Occupier","2020","793","259860","771","260775"
"Louth","Former Owner-Occupier","2021","630","280087","689","276962"
"Louth","Non-Occupier","2010","60","132003","70","143335"
"Louth","Non-Occupier","2011","84","126922","99","129043"
"Louth","Non-Occupier","2012","128","100849","122","104547"
"Louth","Non-Occupier","2013","136","92939","137","95067.3"
"Louth","Non-Occupier","2014","282","97637","269","97150.8"
"Louth","Non-Occupier","2015","296","109668","299","106405"
"Louth","Non-Occupier","2016","277","134465","287","134320"
"Louth","Non-Occupier","2017","254","158986","261","155575"
"Louth","Non-Occupier","2018","233","161379","226","164929"
"Louth","Non-Occupier","2019","219","174453","231","172353"
"Louth","Non-Occupier","2020","162","158918","154","156247"
"Louth","Non-Occupier","2021","120","178304","134","177642"
"Mayo","All","2010","363","176064","445","178688"
"Mayo","All","2011","334","154458","366","158516"
"Mayo","All","2012","470","123411","487","127854"
"Mayo","All","2013","509","118242","515","118710"
"Mayo","All","2014","916","107760","888","110082"
"Mayo","All","2015","1130","117209","1150","115963"
"Mayo","All","2016","1033","120171","1058","119333"
"Mayo","All","2017","1082","133671","1083","133585"
"Mayo","All","2018","1104","139235","1101","138413"
"Mayo","All","2019","1044","149199","1064","148997"
"Mayo","All","2020","1050","153403","1029","151317"
"Mayo","All","2021","895","170178","957","170807"
"Mayo","First-Time Owner-Occupier","2010","143","175576","162","179069"
"Mayo","First-Time Owner-Occupier","2011","84","170754","103","177266"
"Mayo","First-Time Owner-Occupier","2012","132","130673","137","138590"
"Mayo","First-Time Owner-Occupier","2013","129","117118","135","121633"
"Mayo","First-Time Owner-Occupier","2014","204","115106","206","115245"
"Mayo","First-Time Owner-Occupier","2015","232","112046","239","111595"
"Mayo","First-Time Owner-Occupier","2016","213","128882","209","127673"
"Mayo","First-Time Owner-Occupier","2017","211","143935","217","144917"
"Mayo","First-Time Owner-Occupier","2018","250","149546","245","147356"
"Mayo","First-Time Owner-Occupier","2019","238","162497","246","162048"
"Mayo","First-Time Owner-Occupier","2020","263","180065","248","177104"
"Mayo","First-Time Owner-Occupier","2021","216","187269","237","189480"
"Mayo","Former Owner-Occupier","2010","128","185838","144","194307"
"Mayo","Former Owner-Occupier","2011","155","159453","159","160201"
"Mayo","Former Owner-Occupier","2012","199","138908","203","140982"
"Mayo","Former Owner-Occupier","2013","232","133619","226","131149"
"Mayo","Former Owner-Occupier","2014","395","119823","390","122320"
"Mayo","Former Owner-Occupier","2015","505","138532","500","137287"
"Mayo","Former Owner-Occupier","2016","503","130276","518","131095"
"Mayo","Former Owner-Occupier","2017","532","147441","535","145569"
"Mayo","Former Owner-Occupier","2018","557","149712","557","150288"
"Mayo","Former Owner-Occupier","2019","557","160098","561","159847"
"Mayo","Former Owner-Occupier","2020","544","156677","538","154659"
"Mayo","Former Owner-Occupier","2021","448","186045","477","186076"
"Mayo","Non-Occupier","2010","92","163225","139","162062"
"Mayo","Non-Occupier","2011","95","131901","104","137369"
"Mayo","Non-Occupier","2012","139","94329.5","147","99721"
"Mayo","Non-Occupier","2013","148","95116.7","154","97892.1"
"Mayo","Non-Occupier","2014","317","88000.4","292","90094.2"
"Mayo","Non-Occupier","2015","393","92857.9","411","92559.6"
"Mayo","Non-Occupier","2016","317","98283.4","331","95661.9"
"Mayo","Non-Occupier","2017","339","105673","331","106788"
"Mayo","Non-Occupier","2018","297","110908","299","108965"
"Mayo","Non-Occupier","2019","249","112107","257","112820"
"Mayo","Non-Occupier","2020","243","117219","243","117602"
"Mayo","Non-Occupier","2021","231","123423","243","122624"
"Meath","All","2010","712","231414","806","235579"
"Meath","All","2011","546","193092","628","201497"
"Meath","All","2012","668","169258","665","174636"
"Meath","All","2013","849","157737","841","162778"
"Meath","All","2014","1312","182057","1246","184543"
"Meath","All","2015","1338","198699","1415","193938"
"Meath","All","2016","1339","218018","1359","215561"
"Meath","All","2017","1810","244581","1785","242851"
"Meath","All","2018","1796","262117","1804","261781"
"Meath","All","2019","1948","281299","1957","279651"
"Meath","All","2020","1581","277832","1582","277937"
"Meath","All","2021","1077","285590","1157","286159"
"Meath","First-Time Owner-Occupier","2010","376","216001","430","221425"
"Meath","First-Time Owner-Occupier","2011","197","196735","248","205247"
"Meath","First-Time Owner-Occupier","2012","242","162256","237","167302"
"Meath","First-Time Owner-Occupier","2013","261","156539","270","163224"
"Meath","First-Time Owner-Occupier","2014","344","181124","343","179414"
"Meath","First-Time Owner-Occupier","2015","358","196081","374","195095"
"Meath","First-Time Owner-Occupier","2016","387","215639","397","213985"
"Meath","First-Time Owner-Occupier","2017","557","245601","537","245077"
"Meath","First-Time Owner-Occupier","2018","678","263143","680","262295"
"Meath","First-Time Owner-Occupier","2019","831","281723","836","280268"
"Meath","First-Time Owner-Occupier","2020","611","280378","608","281409"
"Meath","First-Time Owner-Occupier","2021","371","290219","402","289066"
"Meath","Former Owner-Occupier","2010","285","260978","309","267000"
"Meath","Former Owner-Occupier","2011","290","204865","302","209584"
"Meath","Former Owner-Occupier","2012","336","192719","340","199189"
"Meath","Former Owner-Occupier","2013","462","175336","451","179622"
"Meath","Former Owner-Occupier","2014","750","202472","722","202080"
"Meath","Former Owner-Occupier","2015","794","216190","815","214418"
"Meath","Former Owner-Occupier","2016","753","237779","760","235527"
"Meath","Former Owner-Occupier","2017","1023","261418","1016","259526"
"Meath","Former Owner-Occupier","2018","915","280759","922","280102"
"Meath","Former Owner-Occupier","2019","961","295534","967","294424"
"Meath","Former Owner-Occupier","2020","843","292726","839","292050"
"Meath","Former Owner-Occupier","2021","587","304006","630","305145"
"Meath","Non-Occupier","2010","51","179836","67","181513"
"Meath","Non-Occupier","2011","59","123059","78","158260"
"Meath","Non-Occupier","2012","90","100499","88","99520.3"
"Meath","Non-Occupier","2013","126","95689","120","98471.3"
"Meath","Non-Occupier","2014","218","113294","181","124309"
"Meath","Non-Occupier","2015","186","129073","226","118172"
"Meath","Non-Occupier","2016","199","147869","202","143536"
"Meath","Non-Occupier","2017","230","167219","232","164672"
"Meath","Non-Occupier","2018","203","174663","202","176430"
"Meath","Non-Occupier","2019","156","191351","154","183539"
"Meath","Non-Occupier","2020","127","166717","135","174585"
"Meath","Non-Occupier","2021","119","180318","125","181119"
"Monaghan","All","2010","142","164849","173","177693"
"Monaghan","All","2011","96","136877","133","148120"
"Monaghan","All","2012","118","127049","134","131858"
"Monaghan","All","2013","183","99574.9","168","103409"
"Monaghan","All","2014","268","100667","271","102158"
"Monaghan","All","2015","282","122214","299","120482"
"Monaghan","All","2016","297","133438","298","131670"
"Monaghan","All","2017","326","135523","335","136294"
"Monaghan","All","2018","284","155686","271","157253"
"Monaghan","All","2019","274","156762","288","155697"
"Monaghan","All","2020","243","161472","236","161015"
"Monaghan","All","2021","185","184168","202","181074"
"Monaghan","First-Time Owner-Occupier","2010","73","162940","86","185379"
"Monaghan","First-Time Owner-Occupier","2011","41","141570","67","156851"
"Monaghan","First-Time Owner-Occupier","2012","48","137224","56","146574"
"Monaghan","First-Time Owner-Occupier","2013","66","105144","65","106959"
"Monaghan","First-Time Owner-Occupier","2014","85","116324","85","121200"
"Monaghan","First-Time Owner-Occupier","2015","68","127876","72","123652"
"Monaghan","First-Time Owner-Occupier","2016","67","153966","72","152786"
"Monaghan","First-Time Owner-Occupier","2017","93","154456","93","155262"
"Monaghan","First-Time Owner-Occupier","2018","63","164807","65","167820"
"Monaghan","First-Time Owner-Occupier","2019","78","165584","77","164960"
"Monaghan","First-Time Owner-Occupier","2020","73","170068","74","169792"
"Monaghan","First-Time Owner-Occupier","2021","53","174085","55","172373"
"Monaghan","Former Owner-Occupier","2010","41","203035","53","203011"
"Monaghan","Former Owner-Occupier","2011","33","151640","36","162398"
"Monaghan","Former Owner-Occupier","2012","48","136178","51","137351"
"Monaghan","Former Owner-Occupier","2013","60","116309","54","115896"
"Monaghan","Former Owner-Occupier","2014","84","130119","87","128448"
"Monaghan","Former Owner-Occupier","2015","131","134687","134","136336"
"Monaghan","Former Owner-Occupier","2016","135","148054","133","146113"
"Monaghan","Former Owner-Occupier","2017","126","155159","133","154218"
"Monaghan","Former Owner-Occupier","2018","138","180870","128","181811"
"Monaghan","Former Owner-Occupier","2019","125","179231","134","178396"
"Monaghan","Former Owner-Occupier","2020","105","183812","100","186030"
"Monaghan","Former Owner-Occupier","2021","96","212497","105","206905"
"Monaghan","Non-Occupier","2010","28","113911","34","118783"
"Monaghan","Non-Occupier","2011","22","105988","30","111487"
"Monaghan","Non-Occupier","2012","22","84931.9","27","90962.2"
"Monaghan","Non-Occupier","2013","57","75511.6","49","84937.8"
"Monaghan","Non-Occupier","2014","99","62233.4","99","62706"
"Monaghan","Non-Occupier","2015","83","97888.5","93","95183"
"Monaghan","Non-Occupier","2016","95","98191.1","93","94668.2"
"Monaghan","Non-Occupier","2017","107","95945.3","109","98239.8"
"Monaghan","Non-Occupier","2018","83","106891","78","108148"
"Monaghan","Non-Occupier","2019","71","107512","77","106932"
"Monaghan","Non-Occupier","2020","65","115730","62","110193"
"Monaghan","Non-Occupier","2021","36","123470","42","127891"
"Offaly","All","2010","184","171235","188","184037"
"Offaly","All","2011","143","136929","168","146224"
"Offaly","All","2012","215","123810","211","131704"
"Offaly","All","2013","264","109704","273","110582"
"Offaly","All","2014","409","121789","399","124413"
"Offaly","All","2015","427","118394","438","115800"
"Offaly","All","2016","466","119252","468","119242"
"Offaly","All","2017","494","149864","501","149842"
"Offaly","All","2018","450","163360","446","162278"
"Offaly","All","2019","468","167649","472","168582"
"Offaly","All","2020","442","181535","429","179917"
"Offaly","All","2021","380","193899","411","192303"
"Offaly","First-Time Owner-Occupier","2010","98","166428","106","186102"
"Offaly","First-Time Owner-Occupier","2011","58","147859","73","162805"
"Offaly","First-Time Owner-Occupier","2012","80","122849","78","130000"
"Offaly","First-Time Owner-Occupier","2013","70","110015","75","111163"
"Offaly","First-Time Owner-Occupier","2014","116","119088","115","121024"
"Offaly","First-Time Owner-Occupier","2015","110","128273","117","125575"
"Offaly","First-Time Owner-Occupier","2016","126","126371","124","129710"
"Offaly","First-Time Owner-Occupier","2017","130","161022","133","158000"
"Offaly","First-Time Owner-Occupier","2018","129","162582","125","163281"
"Offaly","First-Time Owner-Occupier","2019","144","176712","144","176576"
"Offaly","First-Time Owner-Occupier","2020","136","186223","137","183336"
"Offaly","First-Time Owner-Occupier","2021","123","190100","129","191545"
"Offaly","Former Owner-Occupier","2010","59","195445","55","201348"
"Offaly","Former Owner-Occupier","2011","54","151608","62","155564"
"Offaly","Former Owner-Occupier","2012","94","131080","92","139643"
"Offaly","Former Owner-Occupier","2013","128","128256","136","126969"
"Offaly","Former Owner-Occupier","2014","196","135887","190","140992"
"Offaly","Former Owner-Occupier","2015","217","125211","217","120951"
"Offaly","Former Owner-Occupier","2016","201","143890","201","142614"
"Offaly","Former Owner-Occupier","2017","255","165378","264","165488"
"Offaly","Former Owner-Occupier","2018","236","180495","234","179570"
"Offaly","Former Owner-Occupier","2019","240","179662","241","181415"
"Offaly","Former Owner-Occupier","2020","245","196219","233","195232"
"Offaly","Former Owner-Occupier","2021","207","210321","227","207417"
"Offaly","Non-Occupier","2010","27","135778","27","140669"
"Offaly","Non-Occupier","2011","31","90908.5","33","91998.9"
"Offaly","Non-Occupier","2012","41","109017","41","117133"
"Offaly","Non-Occupier","2013","66","73396.4","62","73930.8"
"Offaly","Non-Occupier","2014","97","96532.5","94","95050"
"Offaly","Non-Occupier","2015","100","92736.8","104","94053.2"
"Offaly","Non-Occupier","2016","139","77171.6","143","77314"
"Offaly","Non-Occupier","2017","109","100262","104","99692.6"
"Offaly","Non-Occupier","2018","85","116966","87","114328"
"Offaly","Non-Occupier","2019","84","117791","87","119804"
"Offaly","Non-Occupier","2020","61","112104","59","111497"
"Offaly","Non-Occupier","2021","50","135260","55","131700"
"Roscommon","All","2010","185","149821","198","156694"
"Roscommon","All","2011","160","107150","184","119252"
"Roscommon","All","2012","256","91735.8","263","95960.7"
"Roscommon","All","2013","371","79293","356","82068.5"
"Roscommon","All","2014","381","79743.1","383","81278.2"
"Roscommon","All","2015","441","85167.8","438","85021.8"
"Roscommon","All","2016","479","90323.5","490","90400.5"
"Roscommon","All","2017","482","100200","475","99866.2"
"Roscommon","All","2018","527","106975","539","105795"
"Roscommon","All","2019","500","121304","498","120505"
"Roscommon","All","2020","481","121592","484","120615"
"Roscommon","All","2021","396","136275","426","136129"
"Roscommon","First-Time Owner-Occupier","2010","83","171426","90","174781"
"Roscommon","First-Time Owner-Occupier","2011","53","129872","63","148344"
"Roscommon","First-Time Owner-Occupier","2012","70","91799.5","75","98168.5"
"Roscommon","First-Time Owner-Occupier","2013","99","97541.7","91","98963.7"
"Roscommon","First-Time Owner-Occupier","2014","94","93858.6","101","96395.5"
"Roscommon","First-Time Owner-Occupier","2015","106","96055.3","106","94865.1"
"Roscommon","First-Time Owner-Occupier","2016","99","110082","101","103500"
"Roscommon","First-Time Owner-Occupier","2017","103","110360","99","116138"
"Roscommon","First-Time Owner-Occupier","2018","104","127128","108","124718"
"Roscommon","First-Time Owner-Occupier","2019","105","133949","104","130813"
"Roscommon","First-Time Owner-Occupier","2020","94","147479","94","149614"
"Roscommon","First-Time Owner-Occupier","2021","72","148462","79","148706"
"Roscommon","Former Owner-Occupier","2010","69","137180","70","147259"
"Roscommon","Former Owner-Occupier","2011","77","103736","87","112270"
"Roscommon","Former Owner-Occupier","2012","132","99276.7","130","100632"
"Roscommon","Former Owner-Occupier","2013","191","79008.1","189","81655.7"
"Roscommon","Former Owner-Occupier","2014","186","78416.4","182","77082.6"
"Roscommon","Former Owner-Occupier","2015","224","88998.9","219","89090.8"
"Roscommon","Former Owner-Occupier","2016","265","96428.6","273","98626.8"
"Roscommon","Former Owner-Occupier","2017","249","104580","246","103918"
"Roscommon","Former Owner-Occupier","2018","284","117647","286","115231"
"Roscommon","Former Owner-Occupier","2019","303","127902","299","128663"
"Roscommon","Former Owner-Occupier","2020","287","129239","292","126367"
"Roscommon","Former Owner-Occupier","2021","237","150084","254","150104"
"Roscommon","Non-Occupier","2010","33","121915","38","131236"
"Roscommon","Non-Occupier","2011","30","75770.8","34","83213.4"
"Roscommon","Non-Occupier","2012","54","73219.9","58","82635.3"
"Roscommon","Non-Occupier","2013","81","57661","76","62866.2"
"Roscommon","Non-Occupier","2014","101","69048.8","100","73645.8"
"Roscommon","Non-Occupier","2015","111","67039.3","113","67902.5"
"Roscommon","Non-Occupier","2016","115","59245.7","116","59634.8"
"Roscommon","Non-Occupier","2017","130","83760.4","130","79806.4"
"Roscommon","Non-Occupier","2018","139","70091.1","145","73089.2"
"Roscommon","Non-Occupier","2019","92","85142.7","95","83543.5"
"Roscommon","Non-Occupier","2020","100","75309.4","98","75664.4"
"Roscommon","Non-Occupier","2021","87","88572.9","93","87276"
"Sligo","All","2010","265","178713","292","188183"
"Sligo","All","2011","189","135090","230","145056"
"Sligo","All","2012","284","115324","272","120067"
"Sligo","All","2013","361","112750","376","113019"
"Sligo","All","2014","595","117639","577","120549"
"Sligo","All","2015","586","119508","612","116942"
"Sligo","All","2016","588","120484","601","121518"
"Sligo","All","2017","622","138412","626","137076"
"Sligo","All","2018","697","147319","682","147846"
"Sligo","All","2019","684","164190","694","163252"
"Sligo","All","2020","542","151503","539","151831"
"Sligo","All","2021","488","174967","529","172083"
"Sligo","First-Time Owner-Occupier","2010","120","172021","130","176284"
"Sligo","First-Time Owner-Occupier","2011","55","149487","76","162090"
"Sligo","First-Time Owner-Occupier","2012","68","121248","74","132318"
"Sligo","First-Time Owner-Occupier","2013","93","111283","96","109748"
"Sligo","First-Time Owner-Occupier","2014","119","128449","122","127361"
"Sligo","First-Time Owner-Occupier","2015","101","120420","105","118768"
"Sligo","First-Time Owner-Occupier","2016","96","122612","99","129106"
"Sligo","First-Time Owner-Occupier","2017","109","131921","105","126792"
"Sligo","First-Time Owner-Occupier","2018","154","149525","154","150077"
"Sligo","First-Time Owner-Occupier","2019","168","160837","168","161192"
"Sligo","First-Time Owner-Occupier","2020","126","158252","129","156618"
"Sligo","First-Time Owner-Occupier","2021","106","184145","112","184133"
"Sligo","Former Owner-Occupier","2010","76","220779","92","236113"
"Sligo","Former Owner-Occupier","2011","78","139801","92","147446"
"Sligo","Former Owner-Occupier","2012","132","129289","122","125284"
"Sligo","Former Owner-Occupier","2013","161","130398","162","132928"
"Sligo","Former Owner-Occupier","2014","278","137034","279","136994"
"Sligo","Former Owner-Occupier","2015","276","142644","276","140943"
"Sligo","Former Owner-Occupier","2016","286","143808","297","143674"
"Sligo","Former Owner-Occupier","2017","304","168105","303","168036"
"Sligo","Former Owner-Occupier","2018","334","172833","335","171124"
"Sligo","Former Owner-Occupier","2019","358","190823","356","191372"
"Sligo","Former Owner-Occupier","2020","285","165449","278","168550"
"Sligo","Former Owner-Occupier","2021","262","203781","286","197927"
"Sligo","Non-Occupier","2010","69","144018","70","147285"
"Sligo","Non-Occupier","2011","56","114391","62","120631"
"Sligo","Non-Occupier","2012","84","88583.8","76","99761"
"Sligo","Non-Occupier","2013","107","87471.1","118","88347"
"Sligo","Non-Occupier","2014","198","83909.6","176","89757.1"
"Sligo","Non-Occupier","2015","209","88513.9","231","87434.5"
"Sligo","Non-Occupier","2016","206","87110.2","205","85754.7"
"Sligo","Non-Occupier","2017","209","98608.5","218","98997.9"
"Sligo","Non-Occupier","2018","209","104919","193","105660"
"Sligo","Non-Occupier","2019","158","107411","170","106401"
"Sligo","Non-Occupier","2020","131","114672","132","111943"
"Sligo","Non-Occupier","2021","120","103950","131","105359"
"Tipperary","All","2010","429","171255","496","172305"
"Tipperary","All","2011","350","169406","443","166010"
"Tipperary","All","2012","446","118639","447","121153"
"Tipperary","All","2013","580","106337","574","110598"
"Tipperary","All","2014","728","108465","704","119099"
"Tipperary","All","2015","996","117345","1003","115375"
"Tipperary","All","2016","1021","123796","1038","123339"
"Tipperary","All","2017","1159","132712","1161","133757"
"Tipperary","All","2018","1145","147567","1148","145656"
"Tipperary","All","2019","1149","160366","1157","159137"
"Tipperary","All","2020","1018","159869","1013","160564"
"Tipperary","All","2021","867","180985","931","179323"
"Tipperary","First-Time Owner-Occupier","2010","218","175946","247","176361"
"Tipperary","First-Time Owner-Occupier","2011","118","155529","157","172884"
"Tipperary","First-Time Owner-Occupier","2012","135","117455","134","123896"
"Tipperary","First-Time Owner-Occupier","2013","150","113558","158","113015"
"Tipperary","First-Time Owner-Occupier","2014","200","111979","203","115664"
"Tipperary","First-Time Owner-Occupier","2015","256","132388","247","131016"
"Tipperary","First-Time Owner-Occupier","2016","220","126893","225","129310"
"Tipperary","First-Time Owner-Occupier","2017","265","154727","272","153689"
"Tipperary","First-Time Owner-Occupier","2018","298","154997","304","152312"
"Tipperary","First-Time Owner-Occupier","2019","299","171044","301","170438"
"Tipperary","First-Time Owner-Occupier","2020","299","166640","296","168460"
"Tipperary","First-Time Owner-Occupier","2021","218","179994","229","178502"
"Tipperary","Former Owner-Occupier","2010","148","178447","156","185992"
"Tipperary","Former Owner-Occupier","2011","149","167702","189","178639"
"Tipperary","Former Owner-Occupier","2012","202","137427","199","138666"
"Tipperary","Former Owner-Occupier","2013","286","115696","279","120731"
"Tipperary","Former Owner-Occupier","2014","349","124703","334","125897"
"Tipperary","Former Owner-Occupier","2015","476","130431","478","128288"
"Tipperary","Former Owner-Occupier","2016","515","143590","517","142969"
"Tipperary","Former Owner-Occupier","2017","588","145359","595","145308"
"Tipperary","Former Owner-Occupier","2018","587","163793","575","163783"
"Tipperary","Former Owner-Occupier","2019","628","174402","634","172365"
"Tipperary","Former Owner-Occupier","2020","528","172785","520","172814"
"Tipperary","Former Owner-Occupier","2021","482","201357","525","199394"
"Tipperary","Non-Occupier","2010","63","138129","93","138576"
"Tipperary","Non-Occupier","2011","83","192194","97","130279"
"Tipperary","Non-Occupier","2012","109","85287.8","114","87357"
"Tipperary","Non-Occupier","2013","144","80226.7","137","87174.8"
"Tipperary","Non-Occupier","2014","179","72880","167","109679"
"Tipperary","Non-Occupier","2015","264","79161.8","278","79276.2"
"Tipperary","Non-Occupier","2016","286","85768.8","296","84516.3"
"Tipperary","Non-Occupier","2017","306","89345.3","294","91939.2"
"Tipperary","Non-Occupier","2018","260","102416","269","99386.6"
"Tipperary","Non-Occupier","2019","222","106278","222","106036"
"Tipperary","Non-Occupier","2020","191","113566","197","116363"
"Tipperary","Non-Occupier","2021","167","123483","177","120852"
"Waterford","All","2010","373","200340","399","208176"
"Waterford","All","2011","403","150452","434","156473"
"Waterford","All","2012","466","128181","482","132500"
"Waterford","All","2013","615","119265","593","121885"
"Waterford","All","2014","918","126145","896","126614"
"Waterford","All","2015","1082","131114","1102","129536"
"Waterford","All","2016","1166","145927","1155","147160"
"Waterford","All","2017","1114","171284","1106","172013"
"Waterford","All","2018","1162","183647","1195","179176"
"Waterford","All","2019","1220","196529","1212","194010"
"Waterford","All","2020","1091","212941","1096","214168"
"Waterford","All","2021","818","225414","871","224759"
"Waterford","First-Time Owner-Occupier","2010","180","189937","201","201156"
"Waterford","First-Time Owner-Occupier","2011","101","146693","119","159101"
"Waterford","First-Time Owner-Occupier","2012","136","130607","138","133973"
"Waterford","First-Time Owner-Occupier","2013","167","119974","168","119598"
"Waterford","First-Time Owner-Occupier","2014","212","128043","207","127740"
"Waterford","First-Time Owner-Occupier","2015","208","134753","210","134559"
"Waterford","First-Time Owner-Occupier","2016","219","152460","214","153432"
"Waterford","First-Time Owner-Occupier","2017","263","176247","274","173998"
"Waterford","First-Time Owner-Occupier","2018","267","186239","261","184812"
"Waterford","First-Time Owner-Occupier","2019","325","209078","322","208828"
"Waterford","First-Time Owner-Occupier","2020","292","219937","293","217641"
"Waterford","First-Time Owner-Occupier","2021","202","216916","215","219315"
"Waterford","Former Owner-Occupier","2010","125","253629","130","252746"
"Waterford","Former Owner-Occupier","2011","178","182892","177","186183"
"Waterford","Former Owner-Occupier","2012","209","153331","214","158552"
"Waterford","Former Owner-Occupier","2013","283","140681","276","142233"
"Waterford","Former Owner-Occupier","2014","423","151847","418","153555"
"Waterford","Former Owner-Occupier","2015","520","161232","531","160346"
"Waterford","Former Owner-Occupier","2016","590","170136","579","171671"
"Waterford","Former Owner-Occupier","2017","529","207074","534","203434"
"Waterford","Former Owner-Occupier","2018","590","214021","595","212160"
"Waterford","Former Owner-Occupier","2019","624","216005","616","214206"
"Waterford","Former Owner-Occupier","2020","582","230465","586","231373"
"Waterford","Former Owner-Occupier","2021","429","255438","456","254724"
"Waterford","Non-Occupier","2010","68","129922","68","143720"
"Waterford","Non-Occupier","2011","124","106948","138","116100"
"Waterford","Non-Occupier","2012","121","82013.5","130","88049.8"
"Waterford","Non-Occupier","2013","165","81815.8","149","86769.2"
"Waterford","Non-Occupier","2014","283","86307.8","271","84197.7"
"Waterford","Non-Occupier","2015","354","84734.7","361","81296.1"
"Waterford","Non-Occupier","2016","357","101912","362","104247"
"Waterford","Non-Occupier","2017","322","108431","298","113882"
"Waterford","Non-Occupier","2018","305","122622","339","116943"
"Waterford","Non-Occupier","2019","271","136633","274","131192"
"Waterford","Non-Occupier","2020","217","156526","217","163017"
"Waterford","Non-Occupier","2021","187","165714","200","162292"
"Westmeath","All","2010","354","171828","368","175503"
"Westmeath","All","2011","302","147101","330","149824"
"Westmeath","All","2012","369","119179","372","118339"
"Westmeath","All","2013","480","113336","484","117204"
"Westmeath","All","2014","776","112573","767","112605"
"Westmeath","All","2015","900","122062","906","122152"
"Westmeath","All","2016","842","139759","851","139005"
"Westmeath","All","2017","856","162098","879","159952"
"Westmeath","All","2018","951","180468","941","180107"
"Westmeath","All","2019","906","191218","911","190542"
"Westmeath","All","2020","801","197158","806","195825"
"Westmeath","All","2021","667","219240","699","218921"
"Westmeath","First-Time Owner-Occupier","2010","192","167314","193","173062"
"Westmeath","First-Time Owner-Occupier","2011","98","145443","117","149778"
"Westmeath","First-Time Owner-Occupier","2012","115","121752","120","122047"
"Westmeath","First-Time Owner-Occupier","2013","128","116287","139","120370"
"Westmeath","First-Time Owner-Occupier","2014","185","126378","197","126538"
"Westmeath","First-Time Owner-Occupier","2015","166","136824","168","134515"
"Westmeath","First-Time Owner-Occupier","2016","172","141599","177","143449"
"Westmeath","First-Time Owner-Occupier","2017","182","160948","183","160029"
"Westmeath","First-Time Owner-Occupier","2018","216","177645","215","177310"
"Westmeath","First-Time Owner-Occupier","2019","220","202244","216","199837"
"Westmeath","First-Time Owner-Occupier","2020","198","208673","204","208785"
"Westmeath","First-Time Owner-Occupier","2021","194","232601","200","233023"
"Westmeath","Former Owner-Occupier","2010","105","200072","113","204191"
"Westmeath","Former Owner-Occupier","2011","123","173054","132","173452"
"Westmeath","Former Owner-Occupier","2012","169","131936","166","129911"
"Westmeath","Former Owner-Occupier","2013","238","128837","233","132423"
"Westmeath","Former Owner-Occupier","2014","377","124995","371","124549"
"Westmeath","Former Owner-Occupier","2015","454","138485","465","138515"
"Westmeath","Former Owner-Occupier","2016","446","159650","439","160012"
"Westmeath","Former Owner-Occupier","2017","466","183139","473","181567"
"Westmeath","Former Owner-Occupier","2018","539","202484","535","201224"
"Westmeath","Former Owner-Occupier","2019","529","203571","538","203738"
"Westmeath","Former Owner-Occupier","2020","484","205978","477","205761"
"Westmeath","Former Owner-Occupier","2021","367","234832","387","232820"
"Westmeath","Non-Occupier","2010","57","135007","62","130819"
"Westmeath","Non-Occupier","2011","81","109698","81","111387"
"Westmeath","Non-Occupier","2012","85","90333.1","86","90828.2"
"Westmeath","Non-Occupier","2013","114","77661","112","81614.6"
"Westmeath","Non-Occupier","2014","214","78755.9","199","76546"
"Westmeath","Non-Occupier","2015","280","86680.5","273","86673"
"Westmeath","Non-Occupier","2016","224","98743.2","235","96415.4"
"Westmeath","Non-Occupier","2017","208","115964","223","114041"
"Westmeath","Non-Occupier","2018","196","123036","191","124105"
"Westmeath","Non-Occupier","2019","157","134145","157","132535"
"Westmeath","Non-Occupier","2020","119","142122","125","136759"
"Westmeath","Non-Occupier","2021","106","140805","112","145713"
"Wexford","All","2010","620","185065","631","190517"
"Wexford","All","2011","539","149083","590","155058"
"Wexford","All","2012","803","130362","803","133393"
"Wexford","All","2013","845","118768","833","119222"
"Wexford","All","2014","1283","125694","1261","127510"
"Wexford","All","2015","1417","138841","1450","136127"
"Wexford","All","2016","1334","152462","1349","151631"
"Wexford","All","2017","1407","166461","1417","166177"
"Wexford","All","2018","1450","185021","1430","184947"
"Wexford","All","2019","1508","192441","1535","190944"
"Wexford","All","2020","1423","205617","1386","204247"
"Wexford","All","2021","1106","223123","1202","223227"
"Wexford","First-Time Owner-Occupier","2010","229","178253","234","184214"
"Wexford","First-Time Owner-Occupier","2011","105","147746","123","158515"
"Wexford","First-Time Owner-Occupier","2012","163","125499","167","128973"
"Wexford","First-Time Owner-Occupier","2013","158","110225","161","110748"
"Wexford","First-Time Owner-Occupier","2014","223","132150","230","132608"
"Wexford","First-Time Owner-Occupier","2015","224","138667","228","139372"
"Wexford","First-Time Owner-Occupier","2016","229","148460","231","147070"
"Wexford","First-Time Owner-Occupier","2017","253","160510","256","160753"
"Wexford","First-Time Owner-Occupier","2018","241","182039","239","180782"
"Wexford","First-Time Owner-Occupier","2019","304","191957","307","190580"
"Wexford","First-Time Owner-Occupier","2020","297","203185","280","202245"
"Wexford","First-Time Owner-Occupier","2021","226","208187","250","210010"
"Wexford","Former Owner-Occupier","2010","248","195221","247","201208"
"Wexford","Former Owner-Occupier","2011","282","163826","306","169235"
"Wexford","Former Owner-Occupier","2012","438","143387","436","145344"
"Wexford","Former Owner-Occupier","2013","474","133277","463","133556"
"Wexford","Former Owner-Occupier","2014","730","137397","721","138965"
"Wexford","Former Owner-Occupier","2015","829","154183","827","151307"
"Wexford","Former Owner-Occupier","2016","789","166946","801","166592"
"Wexford","Former Owner-Occupier","2017","848","182644","857","182267"
"Wexford","Former Owner-Occupier","2018","927","198477","907","198616"
"Wexford","Former Owner-Occupier","2019","923","209416","940","207557"
"Wexford","Former Owner-Occupier","2020","873","223954","855","222555"
"Wexford","Former Owner-Occupier","2021","699","241896","757","241905"
"Wexford","Non-Occupier","2010","143","178360","150","182747"
"Wexford","Non-Occupier","2011","152","122655","161","125472"
"Wexford","Non-Occupier","2012","202","106045","200","111031"
"Wexford","Non-Occupier","2013","213","92815.5","209","93994.6"
"Wexford","Non-Occupier","2014","330","95443.9","310","97084.2"
"Wexford","Non-Occupier","2015","364","104006","395","102471"
"Wexford","Non-Occupier","2016","316","119198","317","117149"
"Wexford","Non-Occupier","2017","306","126536","304","125386"
"Wexford","Non-Occupier","2018","282","143339","284","144801"
"Wexford","Non-Occupier","2019","281","137203","288","137110"
"Wexford","Non-Occupier","2020","253","145195","251","144117"
"Wexford","Non-Occupier","2021","181","169270","195","167664"
"Wicklow","All","2010","566","321743","596","323134"
"Wicklow","All","2011","442","267015","485","277337"
"Wicklow","All","2012","636","245946","631","243167"
"Wicklow","All","2013","780","264616","784","255513"
"Wicklow","All","2014","1073","280030","1049","286951"
"Wicklow","All","2015","1082","314731","1090","309582"
"Wicklow","All","2016","1164","330634","1183","328146"
"Wicklow","All","2017","1376","350739","1355","350258"
"Wicklow","All","2018","1235","365836","1255","367020"
"Wicklow","All","2019","1535","372121","1530","367033"
"Wicklow","All","2020","1305","397023","1296","397658"
"Wicklow","All","2021","981","440580","1067","438469"
"Wicklow","First-Time Owner-Occupier","2010","320","271657","345","276508"
"Wicklow","First-Time Owner-Occupier","2011","138","217181","167","233813"
"Wicklow","First-Time Owner-Occupier","2012","206","220028","201","220711"
"Wicklow","First-Time Owner-Occupier","2013","199","221768","210","218141"
"Wicklow","First-Time Owner-Occupier","2014","251","239981","253","242614"
"Wicklow","First-Time Owner-Occupier","2015","299","261494","293","259616"
"Wicklow","First-Time Owner-Occupier","2016","318","283359","319","276780"
"Wicklow","First-Time Owner-Occupier","2017","423","315320","417","315266"
"Wicklow","First-Time Owner-Occupier","2018","390","330484","395","328349"
"Wicklow","First-Time Owner-Occupier","2019","537","336792","535","339520"
"Wicklow","First-Time Owner-Occupier","2020","455","362220","452","359083"
"Wicklow","First-Time Owner-Occupier","2021","291","379191","321","378499"
"Wicklow","Former Owner-Occupier","2010","209","403928","209","408542"
"Wicklow","Former Owner-Occupier","2011","247","308217","260","318184"
"Wicklow","Former Owner-Occupier","2012","360","278279","357","273614"
"Wicklow","Former Owner-Occupier","2013","487","295592","487","285686"
"Wicklow","Former Owner-Occupier","2014","655","315210","639","322258"
"Wicklow","Former Owner-Occupier","2015","662","347758","665","343529"
"Wicklow","Former Owner-Occupier","2016","724","365938","738","364667"
"Wicklow","Former Owner-Occupier","2017","842","380424","829","380246"
"Wicklow","Former Owner-Occupier","2018","727","400612","739","402880"
"Wicklow","Former Owner-Occupier","2019","884","408481","880","400479"
"Wicklow","Former Owner-Occupier","2020","757","431762","747","434024"
"Wicklow","Former Owner-Occupier","2021","625","477714","678","474609"
"Wicklow","Non-Occupier","2010","37","290678","42","281132"
"Wicklow","Non-Occupier","2011","57","209121","58","219550"
"Wicklow","Non-Occupier","2012","70","155932","73","156097"
"Wicklow","Non-Occupier","2013","94","194841","87","176823"
"Wicklow","Non-Occupier","2014","167","202241","157","214692"
"Wicklow","Non-Occupier","2015","121","265590","132","249473"
"Wicklow","Non-Occupier","2016","122","244349","126","244284"
"Wicklow","Non-Occupier","2017","111","260538","109","256057"
"Wicklow","Non-Occupier","2018","118","268420","121","274244"
"Wicklow","Non-Occupier","2019","114","256587","115","239086"
"Wicklow","Non-Occupier","2020","93","284534","97","297347"
"Wicklow","Non-Occupier","2021","65","358354","68","361221"
